SA2_CODE_2021,dominant_country,dominant_count,second_country,second_count,dominant_margin,named_overseas_total,dominant_share_named_pct,dominance_status,map_group
101021007,England,177,New Zealand,67,110,456,38.8,Unique largest,England
101021008,North Macedonia,182,India,134,48,1246,14.6,Unique largest,Other
101021009,India,510,Nepal,332,178,2700,18.9,Unique largest,India
101021010,India,233,England,138,95,1138,20.5,Unique largest,India
101021012,England,335,New Zealand,176,159,1906,17.6,Unique largest,England
101021610,India,270,England,147,123,1104,24.5,Unique largest,India
101021611,England,661,New Zealand,208,453,1824,36.2,Unique largest,England
101031013,England,48,New Zealand,24,24,155,31.0,Unique largest,England
101031014,England,147,New Zealand,110,37,965,15.2,Unique largest,England
101031015,England,134,Germany,35,99,335,40.0,Unique largest,England
101031016,England,298,New Zealand,127,171,971,30.7,Unique largest,England
101041017,England,418,New Zealand,114,304,1143,36.6,Unique largest,England
101041018,England,448,New Zealand,152,296,1275,35.1,Unique largest,England
101041019,England,249,New Zealand,83,166,780,31.9,Unique largest,England
101041020,England,384,New Zealand,137,247,948,40.5,Unique largest,England
101041021,England,166,New Zealand,48,118,423,39.2,Unique largest,England
101041022,,0,,0,,0,,No named-country count,No data
101041023,England,118,New Zealand,42,76,360,32.8,Unique largest,England
101041024,England,132,New Zealand,46,86,328,40.2,Unique largest,England
101041025,England,609,New Zealand,128,481,1485,41.0,Unique largest,England
101041026,England,378,New Zealand,107,271,913,41.4,Unique largest,England
101041027,England,535,New Zealand,112,423,1301,41.1,Unique largest,England
101051539,England,466,New Zealand,239,227,2330,20.0,Unique largest,England
101051540,England,407,New Zealand,135,272,1142,35.6,Unique largest,England
101061541,England,182,New Zealand,56,126,561,32.4,Unique largest,England
101061542,England,481,New Zealand,138,343,1254,38.4,Unique largest,England
101061543,England,146,New Zealand,92,54,806,18.1,Unique largest,England
101061544,England,151,New Zealand,70,81,442,34.2,Unique largest,England
102011028,England,574,New Zealand,121,453,1306,44.0,Unique largest,England
102011029,England,690,New Zealand,175,515,1659,41.6,Unique largest,England
102011030,England,185,New Zealand,78,107,683,27.1,Unique largest,England
102011031,England,1008,New Zealand,246,762,2825,35.7,Unique largest,England
102011032,England,868,India,530,338,4639,18.7,Unique largest,England
102011033,England,285,New Zealand,132,153,1037,27.5,Unique largest,England
102011034,England,552,New Zealand,100,452,1149,48.0,Unique largest,England
102011035,England,358,New Zealand,115,243,1234,29.0,Unique largest,England
102011036,England,436,New Zealand,127,309,1200,36.3,Unique largest,England
102011037,England,399,New Zealand,112,287,1301,30.7,Unique largest,England
102011038,England,386,New Zealand,129,257,868,44.5,Unique largest,England
102011039,England,1007,New Zealand,267,740,2762,36.5,Unique largest,England
102011040,England,1264,New Zealand,538,726,3729,33.9,Unique largest,England
102011041,England,543,New Zealand,175,368,1458,37.2,Unique largest,England
102011042,England,739,New Zealand,278,461,2447,30.2,Unique largest,England
102011043,England,554,New Zealand,226,328,1983,27.9,Unique largest,England
102021044,England,822,New Zealand,313,509,2280,36.1,Unique largest,England
102021045,England,286,New Zealand,174,112,961,29.8,Unique largest,England
102021046,England,360,New Zealand,142,218,927,38.8,Unique largest,England
102021047,England,669,New Zealand,245,424,1757,38.1,Unique largest,England
102021048,England,688,New Zealand,390,298,2451,28.1,Unique largest,England
102021049,England,131,New Zealand,47,84,326,40.2,Unique largest,England
102021050,England,487,New Zealand,174,313,1174,41.5,Unique largest,England
102021051,England,244,New Zealand,85,159,703,34.7,Unique largest,England
102021052,England,211,New Zealand,77,134,624,33.8,Unique largest,England
102021053,England,481,New Zealand,248,233,2032,23.7,Unique largest,England
102021054,England,375,New Zealand,115,260,1042,36.0,Unique largest,England
102021055,England,219,New Zealand,94,125,929,23.6,Unique largest,England
102021056,England,698,India,388,310,3063,22.8,Unique largest,England
102021057,England,264,New Zealand,169,95,1285,20.5,Unique largest,England
103011059,England,189,New Zealand,110,79,950,19.9,Unique largest,England
103011060,England,178,New Zealand,63,115,425,41.9,Unique largest,England
103011061,England,112,New Zealand,70,42,456,24.6,Unique largest,England
103011612,England,212,India,191,21,1409,15.0,Unique largest,England
103011613,England,277,New Zealand,119,158,1158,23.9,Unique largest,England
103021062,Philippines,47,India,46,1,277,17.0,Unique largest,Philippines
103021063,England,127,New Zealand,57,70,558,22.8,Unique largest,England
103021064,England,94,New Zealand,39,55,341,27.6,Unique largest,England
103021065,England,104,New Zealand,56,48,409,25.4,Unique largest,England
103021066,England,59,New Zealand,17,42,157,37.6,Unique largest,England
103021067,England,104,Philippines,77,27,580,17.9,Unique largest,England
103021068,England,38,New Zealand,19,19,122,31.1,Unique largest,England
103021069,England,62,New Zealand,38,24,274,22.6,Unique largest,England
103031070,England,273,New Zealand,138,135,1171,23.3,Unique largest,England
103031071,England,228,New Zealand,86,142,728,31.3,Unique largest,England
103031072,England,261,New Zealand,110,151,943,27.7,Unique largest,England
103031073,England,110,New Zealand,32,78,286,38.5,Unique largest,England
103031074,England,276,New Zealand,104,172,709,38.9,Unique largest,England
103031075,,0,,0,,0,,No named-country count,No data
103041076,England,151,New Zealand,82,69,428,35.3,Unique largest,England
103041077,England,322,New Zealand,183,139,1732,18.6,Unique largest,England
103041078,England,354,India,342,12,2271,15.6,Unique largest,England
103041079,England,206,New Zealand,112,94,650,31.7,Unique largest,England
104011080,England,262,New Zealand,136,126,1014,25.8,Unique largest,England
104011081,England,447,New Zealand,222,225,1274,35.1,Unique largest,England
104011082,England,582,New Zealand,288,294,1714,34.0,Unique largest,England
104021083,England,336,New Zealand,102,234,847,39.7,Unique largest,England
104021084,England,495,Myanmar,252,243,2494,19.8,Unique largest,England
104021085,England,369,Iraq,221,148,1781,20.7,Unique largest,England
104021086,England,119,New Zealand,62,57,372,32.0,Unique largest,England
104021087,England,115,New Zealand,47,68,299,38.5,Unique largest,England
104021088,England,395,New Zealand,191,204,1456,27.1,Unique largest,England
104021089,England,694,New Zealand,260,434,2058,33.7,Unique largest,England
104021090,England,194,New Zealand,47,147,407,47.7,Unique largest,England
104021091,India,821,England,459,362,2399,34.2,Unique largest,India
105011092,India,39,Nepal,22,17,127,30.7,Unique largest,India
105011093,New Zealand,56,England,27,29,255,22.0,Unique largest,New Zealand
105011094,India,27,England,20,7,110,24.5,Unique largest,India
105011095,England,35,New Zealand,35,0,238,14.7,Tie for largest,Tie
105011096,England,59,New Zealand,47,12,317,18.6,Unique largest,England
105021097,Philippines,201,England,137,64,806,24.9,Unique largest,Philippines
105021098,New Zealand,18,England,17,1,76,23.7,Unique largest,New Zealand
105031099,England,137,New Zealand,46,91,429,31.9,Unique largest,England
105031100,India,164,Nepal,146,18,875,18.7,Unique largest,India
105031101,Nepal,472,India,462,10,2302,20.5,Unique largest,Other
105031102,India,122,England,116,6,952,12.8,Unique largest,India
105031103,England,65,New Zealand,48,17,201,32.3,Unique largest,England
105031104,England,45,Philippines,21,24,140,32.1,Unique largest,England
105031105,England,54,New Zealand,24,30,236,22.9,Unique largest,England
105031106,England,114,New Zealand,84,30,540,21.1,Unique largest,England
106011107,England,302,New Zealand,149,153,1046,28.9,Unique largest,England
106011108,England,404,New Zealand,243,161,1586,25.5,Unique largest,England
106011109,England,270,New Zealand,122,148,677,39.9,Unique largest,England
106011110,England,206,New Zealand,64,142,455,45.3,Unique largest,England
106011111,England,294,Philippines,126,168,1041,28.2,Unique largest,England
106011112,New Zealand,351,England,262,89,1428,24.6,Unique largest,New Zealand
106011113,England,84,New Zealand,63,21,288,29.2,Unique largest,England
106021114,England,141,India,106,35,686,20.6,Unique largest,England
106021116,England,225,New Zealand,69,156,615,36.6,Unique largest,England
106021614,England,306,New Zealand,208,98,1690,18.1,Unique largest,England
106021615,England,309,New Zealand,185,124,1450,21.3,Unique largest,England
106021616,England,96,New Zealand,79,17,497,19.3,Unique largest,England
106021617,England,224,New Zealand,102,122,700,32.0,Unique largest,England
106021618,India,306,England,296,10,1666,18.4,Unique largest,India
106031119,England,354,New Zealand,107,247,826,42.9,Unique largest,England
106031120,England,286,New Zealand,93,193,661,43.3,Unique largest,England
106031121,England,1256,New Zealand,354,902,3517,35.7,Unique largest,England
106031122,England,259,New Zealand,152,107,1048,24.7,Unique largest,England
106031123,England,131,New Zealand,64,67,340,38.5,Unique largest,England
106031124,England,342,New Zealand,103,239,842,40.6,Unique largest,England
106031125,England,486,New Zealand,147,339,1307,37.2,Unique largest,England
106041126,New Zealand,188,England,123,65,959,19.6,Unique largest,New Zealand
106041127,England,83,New Zealand,46,37,265,31.3,Unique largest,England
106041128,England,113,China,104,9,596,19.0,Unique largest,England
106041129,England,159,New Zealand,127,32,553,28.8,Unique largest,England
107011131,England,1381,Scotland,238,1143,3517,39.3,Unique largest,England
107011132,England,459,India,202,257,1796,25.6,Unique largest,England
107011133,,0,,0,,0,,No named-country count,No data
107011134,England,529,North Macedonia,297,232,2507,21.1,Unique largest,England
107011545,North Macedonia,647,England,355,292,2858,22.6,Unique largest,Other
107011546,North Macedonia,674,Italy,312,362,2128,31.7,Unique largest,Other
107011547,England,169,Italy,51,118,548,30.8,Unique largest,England
107021135,,0,,0,,0,,No named-country count,No data
107031136,England,743,New Zealand,161,582,2104,35.3,Unique largest,England
107031137,England,353,Scotland,66,287,883,40.0,Unique largest,England
107031138,England,559,New Zealand,120,439,1431,39.1,Unique largest,England
107031139,England,252,New Zealand,85,167,640,39.4,Unique largest,England
107031140,England,388,New Zealand,94,294,864,44.9,Unique largest,England
107031141,England,719,North Macedonia,317,402,2683,26.8,Unique largest,England
107031142,England,479,North Macedonia,209,270,1744,27.5,Unique largest,England
107031143,England,886,North Macedonia,279,607,3068,28.9,Unique largest,England
107041144,England,669,Italy,502,167,4152,16.1,Unique largest,England
107041145,England,608,Italy,212,396,2592,23.5,Unique largest,England
107041146,England,707,India,500,207,4487,15.8,Unique largest,England
107041147,England,425,New Zealand,103,322,1047,40.6,Unique largest,England
107041148,England,678,New Zealand,196,482,1754,38.7,Unique largest,England
107041150,England,843,New Zealand,222,621,2605,32.4,Unique largest,England
107041548,England,566,China,432,134,3995,14.2,Unique largest,England
107041549,England,451,India,449,2,4355,10.4,Unique largest,England
108011151,England,166,New Zealand,88,78,407,40.8,Unique largest,England
108011152,England,488,New Zealand,190,298,1543,31.6,Unique largest,England
108011153,England,292,New Zealand,100,192,755,38.7,Unique largest,England
108011154,England,229,New Zealand,59,170,589,38.9,Unique largest,England
108021155,England,248,New Zealand,113,135,934,26.6,Unique largest,England
108021156,England,279,New Zealand,105,174,762,36.6,Unique largest,England
108021157,England,137,New Zealand,52,85,420,32.6,Unique largest,England
108021158,England,284,New Zealand,100,184,750,37.9,Unique largest,England
108021159,England,288,New Zealand,101,187,692,41.6,Unique largest,England
108021160,England,178,New Zealand,58,120,478,37.2,Unique largest,England
108031161,New Zealand,23,Canada,7,16,65,35.4,Unique largest,New Zealand
108041162,England,822,New Zealand,200,622,1868,44.0,Unique largest,England
108041164,England,906,New Zealand,332,574,2780,32.6,Unique largest,England
108041165,England,130,New Zealand,68,62,376,34.6,Unique largest,England
108041166,England,379,New Zealand,137,242,913,41.5,Unique largest,England
108041619,England,501,New Zealand,193,308,1542,32.5,Unique largest,England
108041620,England,840,New Zealand,261,579,2165,38.8,Unique largest,England
108051167,England,187,New Zealand,42,145,392,47.7,Unique largest,England
108051168,England,502,New Zealand,145,357,1245,40.3,Unique largest,England
108051169,England,431,Philippines,163,268,1640,26.3,Unique largest,England
108051170,England,468,New Zealand,160,308,1099,42.6,Unique largest,England
108051171,England,118,New Zealand,44,74,294,40.1,Unique largest,England
109011172,England,351,India,280,71,1632,21.5,Unique largest,England
109011173,England,183,India,175,8,974,18.8,Unique largest,England
109011174,England,256,India,201,55,1208,21.2,Unique largest,England
109011175,England,226,New Zealand,108,118,691,32.7,Unique largest,England
109011176,India,405,England,255,150,1861,21.8,Unique largest,India
109021177,India,37,New Zealand,32,5,206,18.0,Unique largest,India
109021178,England,78,New Zealand,57,21,355,22.0,Unique largest,England
109021179,Malaysia,69,England,27,42,284,24.3,Unique largest,Other
109031180,England,133,New Zealand,55,78,410,32.4,Unique largest,England
109031181,England,192,New Zealand,56,136,446,43.0,Unique largest,England
109031182,England,79,New Zealand,61,18,385,20.5,Unique largest,England
109031183,England,91,Philippines,67,24,328,27.7,Unique largest,England
109031184,England,175,New Zealand,56,119,516,33.9,Unique largest,England
109031185,England,195,New Zealand,91,104,689,28.3,Unique largest,England
110011186,Iraq,577,England,484,93,3455,16.7,Unique largest,Iraq
110011187,England,60,New Zealand,47,13,247,24.3,Unique largest,England
110011188,England,134,New Zealand,67,67,406,33.0,Unique largest,England
110011189,England,48,New Zealand,33,15,139,34.5,Unique largest,England
110021190,England,189,New Zealand,89,100,598,31.6,Unique largest,England
110021191,England,127,Philippines,123,4,798,15.9,Unique largest,England
110021192,United States,120,England,99,21,325,36.9,Unique largest,Other
110021193,England,72,New Zealand,32,40,188,38.3,Unique largest,England
110021194,England,156,New Zealand,96,60,496,31.5,Unique largest,England
110031195,New Zealand,57,India,43,14,449,12.7,Unique largest,New Zealand
110031196,England,43,New Zealand,38,5,186,23.1,Unique largest,England
110031197,Philippines,56,England,48,8,304,18.4,Unique largest,Philippines
110031198,England,39,New Zealand,28,11,144,27.1,Unique largest,England
110041199,England,95,Philippines,79,16,529,18.0,Unique largest,England
110041200,England,36,New Zealand,31,5,164,22.0,Unique largest,England
110041201,England,105,New Zealand,61,44,314,33.4,Unique largest,England
110041202,England,210,Vietnam,159,51,1623,12.9,Unique largest,England
110041203,India,317,England,234,83,1854,17.1,Unique largest,India
110041204,Philippines,187,New Zealand,54,133,496,37.7,Unique largest,Philippines
110041205,England,310,New Zealand,141,169,924,33.5,Unique largest,England
111011206,England,397,New Zealand,167,230,1478,26.9,Unique largest,England
111011207,England,111,New Zealand,68,43,396,28.0,Unique largest,England
111011208,England,507,New Zealand,222,285,2440,20.8,Unique largest,England
111011209,England,488,New Zealand,248,240,2350,20.8,Unique largest,England
111011210,England,186,New Zealand,81,105,718,25.9,Unique largest,England
111011211,England,115,New Zealand,37,78,334,34.4,Unique largest,England
111011212,England,436,New Zealand,165,271,1238,35.2,Unique largest,England
111011213,England,454,New Zealand,138,316,1356,33.5,Unique largest,England
111011214,England,408,New Zealand,173,235,1566,26.1,Unique largest,England
111021215,England,227,New Zealand,125,102,873,26.0,Unique largest,England
111021216,England,294,New Zealand,185,109,1083,27.1,Unique largest,England
111021217,India,305,England,225,80,1813,16.8,Unique largest,India
111021218,England,629,New Zealand,443,186,2163,29.1,Unique largest,England
111021219,England,490,New Zealand,165,325,1427,34.3,Unique largest,England
111021220,England,303,New Zealand,127,176,904,33.5,Unique largest,England
111021221,England,132,New Zealand,59,73,366,36.1,Unique largest,England
111031222,England,373,New Zealand,154,219,1869,20.0,Unique largest,England
111031223,England,169,China,71,98,667,25.3,Unique largest,England
111031224,England,319,New Zealand,154,165,1699,18.8,Unique largest,England
111031225,England,379,New Zealand,160,219,1962,19.3,Unique largest,England
111031226,India,546,England,290,256,2523,21.6,Unique largest,India
111031227,England,300,New Zealand,212,88,1895,15.8,Unique largest,England
111031228,England,417,New Zealand,152,265,1570,26.6,Unique largest,England
111031229,England,412,New Zealand,197,215,1881,21.9,Unique largest,England
111031230,England,4,Afghanistan,0,4,4,100.0,Unique largest,England
111031231,China,338,India,277,61,2396,14.1,Unique largest,China
111031232,England,299,New Zealand,106,193,859,34.8,Unique largest,England
111031233,England,377,India,213,164,2637,14.3,Unique largest,England
111031234,England,246,New Zealand,126,120,1561,15.8,Unique largest,England
111031235,England,232,New Zealand,152,80,1058,21.9,Unique largest,England
112011236,England,605,New Zealand,323,282,2106,28.7,Unique largest,England
112011237,England,703,New Zealand,273,430,1977,35.6,Unique largest,England
112011238,England,416,New Zealand,167,249,1193,34.9,Unique largest,England
112011239,England,394,New Zealand,203,191,1449,27.2,Unique largest,England
112011240,England,611,New Zealand,279,332,2387,25.6,Unique largest,England
112011241,England,109,New Zealand,71,38,366,29.8,Unique largest,England
112011242,England,393,New Zealand,176,217,1200,32.8,Unique largest,England
112011243,England,480,New Zealand,201,279,1512,31.7,Unique largest,England
112021244,England,182,Philippines,93,89,631,28.8,Unique largest,England
112021245,England,135,New Zealand,76,59,421,32.1,Unique largest,England
112021246,England,283,New Zealand,126,157,1203,23.5,Unique largest,England
112021247,England,211,New Zealand,125,86,649,32.5,Unique largest,England
112021248,England,318,New Zealand,198,120,1353,23.5,Unique largest,England
112021249,England,560,New Zealand,236,324,1591,35.2,Unique largest,England
112031250,England,719,New Zealand,431,288,2075,34.7,Unique largest,England
112031251,England,320,New Zealand,192,128,1049,30.5,Unique largest,England
112031252,England,399,New Zealand,220,179,1141,35.0,Unique largest,England
112031253,England,660,New Zealand,348,312,1764,37.4,Unique largest,England
112031254,England,975,New Zealand,721,254,3476,28.0,Unique largest,England
112031550,England,743,New Zealand,420,323,2236,33.2,Unique largest,England
112031551,England,133,New Zealand,86,47,396,33.6,Unique largest,England
112031552,England,507,New Zealand,276,231,1580,32.1,Unique largest,England
113011256,India,1813,Italy,699,1114,5012,36.2,Unique largest,India
113011257,India,187,Italy,163,24,1080,17.3,Unique largest,India
113011258,Italy,143,Philippines,137,6,1098,13.0,Unique largest,Italy
113011259,England,63,New Zealand,47,16,289,21.8,Unique largest,England
113021260,England,85,New Zealand,37,48,277,30.7,Unique largest,England
113021261,England,95,South Africa,95,0,552,17.2,Tie for largest,Tie
113021262,England,73,New Zealand,58,15,311,23.5,Unique largest,England
113031263,England,160,New Zealand,63,97,497,32.2,Unique largest,England
113031264,China,70,England,27,43,211,33.2,Unique largest,China
113031265,China,93,England,91,2,490,19.0,Unique largest,China
113031266,England,100,Philippines,39,61,328,30.5,Unique largest,England
113031267,England,228,India,187,41,1556,14.7,Unique largest,England
113031268,India,163,China,71,92,728,22.4,Unique largest,India
113031269,Iraq,533,India,284,249,2543,21.0,Unique largest,Iraq
113031270,India,203,England,154,49,1329,15.3,Unique largest,India
113031271,England,211,India,173,38,1126,18.7,Unique largest,England
114011272,England,612,New Zealand,148,464,1337,45.8,Unique largest,England
114011273,England,182,New Zealand,52,130,484,37.6,Unique largest,England
114011274,England,199,New Zealand,57,142,525,37.9,Unique largest,England
114011275,,0,,0,,0,,No named-country count,No data
114011276,England,280,New Zealand,72,208,787,35.6,Unique largest,England
114011277,England,729,New Zealand,195,534,2045,35.6,Unique largest,England
114011278,England,666,India,324,342,2522,26.4,Unique largest,England
114011279,England,741,New Zealand,211,530,1848,40.1,Unique largest,England
114011280,England,230,New Zealand,50,180,529,43.5,Unique largest,England
114011281,England,180,New Zealand,41,139,369,48.8,Unique largest,England
114011282,England,737,New Zealand,234,503,1985,37.1,Unique largest,England
114011283,England,243,New Zealand,69,174,640,38.0,Unique largest,England
114021284,England,963,New Zealand,244,719,2584,37.3,Unique largest,England
114021285,England,277,New Zealand,51,226,633,43.8,Unique largest,England
114021286,England,534,India,218,316,1999,26.7,Unique largest,England
114021287,England,494,New Zealand,169,325,1654,29.9,Unique largest,England
114021288,England,202,New Zealand,59,143,514,39.3,Unique largest,England
114021289,England,482,New Zealand,115,367,1137,42.4,Unique largest,England
115011290,China,2155,India,1761,394,9643,22.3,Unique largest,China
115011291,India,1763,China,1720,43,8826,20.0,Unique largest,India
115011294,England,350,China,119,231,1493,23.4,Unique largest,England
115011296,China,1213,India,574,639,5153,23.5,Unique largest,China
115011553,China,723,India,470,253,3171,22.8,Unique largest,China
115011554,China,532,India,297,235,2390,22.3,Unique largest,China
115011555,China,1100,India,491,609,4718,23.3,Unique largest,China
115011556,China,1070,India,624,446,4425,24.2,Unique largest,China
115011557,China,366,India,354,12,2235,16.4,Unique largest,China
115011558,China,1828,India,1687,141,9381,19.5,Unique largest,China
115011621,India,963,China,944,19,6315,15.2,Unique largest,India
115011622,India,1356,China,705,651,5256,25.8,Unique largest,India
115021297,England,819,China,508,311,4918,16.7,Unique largest,England
115021298,England,278,New Zealand,90,188,929,29.9,Unique largest,England
115031299,England,119,New Zealand,39,80,329,36.2,Unique largest,England
115031300,England,793,New Zealand,242,551,2364,33.5,Unique largest,England
115041301,England,310,Malta,170,140,1315,23.6,Unique largest,England
115041623,India,1157,Philippines,489,668,3909,29.6,Unique largest,India
115041624,India,1651,China,890,761,6991,23.6,Unique largest,India
115041625,India,1017,China,819,198,6442,15.8,Unique largest,India
116011303,India,3485,Philippines,740,2745,7989,43.6,Unique largest,India
116011304,India,3140,Philippines,1330,1810,8887,35.3,Unique largest,India
116011306,Philippines,2933,India,2481,452,10605,27.7,Unique largest,Philippines
116011307,India,1456,Philippines,681,775,7418,19.6,Unique largest,India
116011560,India,1632,Philippines,630,1002,5232,31.2,Unique largest,India
116011561,India,2155,Philippines,1104,1051,7164,30.1,Unique largest,India
116011626,India,1874,Sri Lanka,586,1288,6278,29.9,Unique largest,India
116011627,India,2382,Sri Lanka,743,1639,5701,41.8,Unique largest,India
116021309,India,2965,Philippines,641,2324,7472,39.7,Unique largest,India
116021562,India,611,Philippines,153,458,1529,40.0,Unique largest,India
116021563,India,4093,Philippines,1293,2800,10008,40.9,Unique largest,India
116021628,India,3123,Philippines,791,2332,8866,35.2,Unique largest,India
116021629,India,3683,Philippines,1506,2177,7762,47.4,Unique largest,India
116021630,India,1187,Philippines,492,695,4123,28.8,Unique largest,India
116021631,India,2006,Philippines,681,1325,4678,42.9,Unique largest,India
116021632,India,6016,Philippines,914,5102,12764,47.1,Unique largest,India
116021633,India,1651,Philippines,610,1041,5542,29.8,Unique largest,India
116031313,New Zealand,728,Philippines,623,105,4459,16.3,Unique largest,New Zealand
116031314,Philippines,911,India,871,40,3128,29.1,Unique largest,Philippines
116031315,Philippines,2920,Fiji,963,1957,8622,33.9,Unique largest,Philippines
116031316,New Zealand,891,Philippines,825,66,5436,16.4,Unique largest,New Zealand
116031317,Philippines,1828,Pakistan,1166,662,9372,19.5,Unique largest,Philippines
116031318,,0,,0,,0,,No named-country count,No data
116031319,Philippines,3003,India,1012,1991,9469,31.7,Unique largest,Philippines
117011320,China,60,Ireland,27,33,207,29.0,Unique largest,China
117011321,England,440,New Zealand,314,126,3518,12.5,Unique largest,England
117011323,China,811,Ireland,430,381,5710,14.2,Unique largest,China
117011324,,0,,0,,0,,No named-country count,No data
117011325,China,6,India,3,3,9,66.7,Unique largest,China
117011634,Bangladesh,438,Indonesia,375,63,3689,11.9,Unique largest,Other
117011635,China,2451,Indonesia,2112,339,10968,22.3,Unique largest,China
117021327,England,933,New Zealand,413,520,4591,20.3,Unique largest,England
117021328,England,366,Vietnam,217,149,2421,15.1,Unique largest,England
117021636,Vietnam,607,England,493,114,3435,17.7,Unique largest,Vietnam
117021637,Vietnam,880,Greece,634,246,4635,19.0,Unique largest,Vietnam
117031329,England,674,New Zealand,427,247,3697,18.2,Unique largest,England
117031330,England,1236,New Zealand,619,617,5951,20.8,Unique largest,England
117031331,China,1045,England,995,50,6677,15.7,Unique largest,China
117031333,England,1065,New Zealand,716,349,5623,18.9,Unique largest,England
117031336,England,1007,New Zealand,537,470,6037,16.7,Unique largest,England
117031638,England,393,China,359,34,2552,15.4,Unique largest,England
117031639,China,1531,Indonesia,440,1091,4415,34.7,Unique largest,China
117031640,England,815,New Zealand,394,421,3921,20.8,Unique largest,England
117031641,China,781,England,529,252,5625,13.9,Unique largest,China
117031642,England,646,China,580,66,4562,14.2,Unique largest,England
117031643,China,1427,England,490,937,5272,27.1,Unique largest,China
117031644,China,508,England,400,108,3800,13.4,Unique largest,China
117031645,Thailand,3334,China,3036,298,14397,23.2,Unique largest,Other
117031646,China,1247,Thailand,529,718,4373,28.5,Unique largest,China
117031647,China,1881,England,919,962,7259,25.9,Unique largest,China
117031648,China,2592,England,627,1965,7033,36.9,Unique largest,China
118011339,England,1630,New Zealand,473,1157,5891,27.7,Unique largest,England
118011340,England,1952,South Africa,806,1146,6930,28.2,Unique largest,England
118011341,England,1526,Ireland,467,1059,6280,24.3,Unique largest,England
118011342,,0,,0,,0,,No named-country count,No data
118011344,South Africa,1411,England,490,921,3684,38.3,Unique largest,Other
118011345,England,1138,New Zealand,504,634,3978,28.6,Unique largest,England
118011346,South Africa,829,England,664,165,3573,23.2,Unique largest,Other
118011347,England,493,New Zealand,218,275,2066,23.9,Unique largest,England
118011649,England,847,South Africa,732,115,4161,20.4,Unique largest,England
118011650,England,645,South Africa,316,329,2943,21.9,Unique largest,England
118021564,China,718,India,349,369,4616,15.6,Unique largest,China
118021565,China,1135,Indonesia,575,560,5872,19.3,Unique largest,China
118021566,England,382,China,317,65,3255,11.7,Unique largest,England
118021567,England,506,Brazil,328,178,3393,14.9,Unique largest,England
118021568,China,523,Brazil,440,83,4115,12.7,Unique largest,China
118021569,England,1118,Ireland,630,488,5095,21.9,Unique largest,England
118021570,England,1010,Ireland,622,388,4704,21.5,Unique largest,England
118021651,England,1845,Ireland,741,1104,6098,30.3,Unique largest,England
118021652,England,483,China,241,242,2707,17.8,Unique largest,England
118021653,England,446,China,302,144,3594,12.4,Unique largest,England
118021654,England,279,South Africa,117,162,1444,19.3,Unique largest,England
119011354,Lebanon,1957,Vietnam,1698,259,6911,28.3,Unique largest,Other
119011355,Vietnam,98,South Korea,94,4,608,16.1,Unique largest,Vietnam
119011356,Vietnam,1275,Lebanon,1257,18,4414,28.9,Unique largest,Vietnam
119011358,China,1075,Vietnam,634,441,5524,19.5,Unique largest,China
119011360,China,899,Vietnam,851,48,5963,15.1,Unique largest,China
119011361,Vietnam,2859,Lebanon,1742,1117,8749,32.7,Unique largest,Vietnam
119011571,Vietnam,1980,Lebanon,995,985,8167,24.2,Unique largest,Vietnam
119011572,Vietnam,3487,Lebanon,1161,2326,9301,37.5,Unique largest,Vietnam
119011655,Lebanon,1782,South Korea,293,1489,5044,35.3,Unique largest,Other
119011656,Lebanon,1980,Vietnam,386,1594,4638,42.7,Unique largest,Other
119011657,China,369,Vietnam,331,38,2775,13.3,Unique largest,China
119011658,China,502,Vietnam,438,64,3843,13.1,Unique largest,China
119021362,China,1141,Lebanon,999,142,7979,14.3,Unique largest,China
119021366,Lebanon,2553,Vietnam,1126,1427,8809,29.0,Unique largest,Other
119021367,Lebanon,743,China,725,18,4886,15.2,Unique largest,Other
119021573,Bangladesh,2563,India,1501,1062,9337,27.4,Unique largest,Other
119021574,Bangladesh,1239,India,653,586,5271,23.5,Unique largest,Other
119021659,China,2913,Nepal,1142,1771,7661,38.0,Unique largest,China
119021660,China,1732,Nepal,1162,570,5691,30.4,Unique largest,China
119021661,China,1203,Vietnam,469,734,5223,23.0,Unique largest,China
119021662,Greece,1322,China,530,792,5140,25.7,Unique largest,Other
119021663,Greece,387,China,379,8,2045,18.9,Unique largest,Other
119031370,China,1973,Hong Kong SAR,467,1506,6109,32.3,Unique largest,China
119031371,China,1216,England,250,966,3730,32.6,Unique largest,China
119031372,China,1135,England,348,787,4967,22.9,Unique largest,China
119031373,China,2194,Philippines,350,1844,5886,37.3,Unique largest,China
119031374,China,4214,Nepal,2094,2120,11499,36.6,Unique largest,China
119031664,China,3678,Nepal,2442,1236,8678,42.4,Unique largest,China
119031665,China,3233,Nepal,504,2729,6693,48.3,Unique largest,China
119031666,China,1188,Nepal,458,730,4548,26.1,Unique largest,China
119031667,China,1237,Nepal,1048,189,4594,26.9,Unique largest,China
119041377,China,1044,Greece,627,417,4551,22.9,Unique largest,China
119041378,Nepal,1096,China,1035,61,6572,16.7,Unique largest,Other
119041379,China,1731,Nepal,972,759,7061,24.5,Unique largest,China
119041380,Greece,763,Egypt,422,341,4602,16.6,Unique largest,Other
119041381,Nepal,2555,China,1186,1369,10280,24.9,Unique largest,Other
119041382,Greece,714,Egypt,342,372,4174,17.1,Unique largest,Other
119041668,Lebanon,947,China,938,9,6092,15.5,Unique largest,Other
119041669,Lebanon,636,China,622,14,3578,17.8,Unique largest,Other
119041670,China,1376,Nepal,1182,194,7666,17.9,Unique largest,China
119041671,China,2162,Indonesia,460,1702,6277,34.4,Unique largest,China
120011383,China,1515,Italy,1049,466,7406,20.5,Unique largest,China
120011385,England,665,Italy,646,19,4535,14.7,Unique largest,England
120011386,Italy,1371,China,734,637,5975,22.9,Unique largest,Italy
120011672,China,967,South Korea,598,369,5131,18.8,Unique largest,China
120011673,China,3170,South Korea,1091,2079,7645,41.5,Unique largest,China
120021387,England,1435,New Zealand,405,1030,4174,34.4,Unique largest,England
120021389,England,972,New Zealand,347,625,3485,27.9,Unique largest,England
120021674,England,486,New Zealand,240,246,2134,22.8,Unique largest,England
120021675,England,941,New Zealand,437,504,4343,21.7,Unique largest,England
120031392,China,596,Vietnam,338,258,4154,14.3,Unique largest,China
120031393,China,1276,Italy,708,568,5981,21.3,Unique largest,China
120031394,England,633,Greece,403,230,4783,13.2,Unique largest,England
120031395,Italy,756,England,446,310,3600,21.0,Unique largest,Italy
120031396,India,3845,China,2602,1243,13417,28.7,Unique largest,India
120031576,China,272,India,224,48,1516,17.9,Unique largest,China
120031676,China,1095,Nepal,1078,17,5433,20.2,Unique largest,China
120031677,China,1729,Nepal,453,1276,5576,31.0,Unique largest,China
120031678,China,4772,Nepal,1399,3373,10920,43.7,Unique largest,China
120031679,China,1541,Italy,334,1207,4723,32.6,Unique largest,China
120031680,Nepal,3550,China,1429,2121,10753,33.0,Unique largest,Other
120031681,China,779,India,478,301,4012,19.4,Unique largest,China
121011399,China,2243,England,808,1435,9133,24.6,Unique largest,China
121011401,China,781,England,533,248,5120,15.3,Unique largest,China
121011682,China,968,India,695,273,4344,22.3,Unique largest,China
121011683,England,679,China,623,56,3955,17.2,Unique largest,England
121011684,China,3942,Hong Kong SAR,1198,2744,11751,33.5,Unique largest,China
121011685,England,656,China,435,221,3762,17.4,Unique largest,England
121011686,China,834,England,769,65,5504,15.2,Unique largest,China
121011687,China,627,England,511,116,3993,15.7,Unique largest,China
121021403,India,1014,China,1011,3,7330,13.8,Unique largest,India
121021404,England,804,New Zealand,193,611,2422,33.2,Unique largest,England
121021406,China,1180,England,809,371,6144,19.2,Unique largest,China
121021577,China,1542,India,907,635,6599,23.4,Unique largest,China
121021578,China,1258,England,413,845,4088,30.8,Unique largest,China
121021579,China,1585,India,1407,178,6370,24.9,Unique largest,China
121031407,China,3448,Hong Kong SAR,996,2452,10520,32.8,Unique largest,China
121031408,China,2628,England,1063,1565,9346,28.1,Unique largest,China
121031409,China,1713,England,792,921,6488,26.4,Unique largest,China
121031410,China,2301,South Africa,1565,736,9507,24.2,Unique largest,China
121031411,China,1387,England,1240,147,6875,20.2,Unique largest,China
121031412,China,1439,England,939,500,6420,22.4,Unique largest,China
121041413,England,1315,China,495,820,5832,22.5,Unique largest,England
121041414,England,1088,China,604,484,6283,17.3,Unique largest,England
121041416,England,1152,China,450,702,5659,20.4,Unique largest,England
121041417,China,736,England,703,33,5084,14.5,Unique largest,China
121041688,England,1100,China,425,675,4401,25.0,Unique largest,England
121041689,England,1319,New Zealand,388,931,4347,30.3,Unique largest,England
122011418,England,2048,New Zealand,493,1555,5876,34.9,Unique largest,England
122011419,England,2608,New Zealand,668,1940,7399,35.2,Unique largest,England
122021420,England,1192,New Zealand,264,928,2663,44.8,Unique largest,England
122021421,England,998,New Zealand,227,771,2533,39.4,Unique largest,England
122021422,England,1202,New Zealand,243,959,2848,42.2,Unique largest,England
122021690,England,1097,New Zealand,277,820,3158,34.7,Unique largest,England
122021691,England,768,New Zealand,193,575,2203,34.9,Unique largest,England
122031424,England,833,China,432,401,3843,21.7,Unique largest,England
122031425,England,534,New Zealand,158,376,1722,31.0,Unique largest,England
122031427,England,745,China,419,326,3824,19.5,Unique largest,England
122031429,England,1862,New Zealand,527,1335,6037,30.8,Unique largest,England
122031430,England,1563,New Zealand,372,1191,4904,31.9,Unique largest,England
122031432,England,268,South Africa,102,166,759,35.3,Unique largest,England
122031692,England,604,South Africa,237,367,2195,27.5,Unique largest,England
122031693,England,874,New Zealand,303,571,3068,28.5,Unique largest,England
122031694,England,700,Brazil,196,504,2433,28.8,Unique largest,England
122031695,England,1005,Brazil,824,181,7411,13.6,Unique largest,England
122031696,England,1341,New Zealand,370,971,4463,30.0,Unique largest,England
122031697,England,793,New Zealand,227,566,2400,33.0,Unique largest,England
123011433,England,587,New Zealand,145,442,1585,37.0,Unique largest,England
123011698,England,139,New Zealand,132,7,1098,12.7,Unique largest,England
123011699,England,431,New Zealand,142,289,1827,23.6,Unique largest,England
123011700,England,337,India,151,186,1970,17.1,Unique largest,England
123011701,England,510,New Zealand,284,226,2895,17.6,Unique largest,England
123011702,India,185,England,175,10,1373,13.5,Unique largest,India
123021436,New Zealand,519,England,438,81,4119,12.6,Unique largest,New Zealand
123021437,Philippines,869,India,804,65,6959,12.5,Unique largest,Philippines
123021438,New Zealand,479,Philippines,416,63,4728,10.1,Unique largest,New Zealand
123021439,,0,,0,,0,,No named-country count,No data
123021441,England,478,New Zealand,397,81,4146,11.5,Unique largest,England
123021443,Bangladesh,1316,India,985,331,8011,16.4,Unique largest,Other
123021444,England,549,Philippines,422,127,4550,12.1,Unique largest,England
123021703,India,1187,Nepal,718,469,6225,19.1,Unique largest,India
123021704,India,980,Nepal,495,485,4709,20.8,Unique largest,India
123021705,Bangladesh,939,India,881,58,6383,14.7,Unique largest,Other
123021706,Bangladesh,981,India,740,241,5094,19.3,Unique largest,Other
123031445,England,203,New Zealand,70,133,589,34.5,Unique largest,England
123031446,England,370,New Zealand,95,275,1120,33.0,Unique largest,England
123031447,England,702,New Zealand,200,502,1852,37.9,Unique largest,England
123031448,England,283,New Zealand,86,197,947,29.9,Unique largest,England
124011449,England,402,New Zealand,128,274,1056,38.1,Unique largest,England
124011450,England,904,New Zealand,221,683,2457,36.8,Unique largest,England
124011451,England,4,Afghanistan,0,4,4,100.0,Unique largest,England
124011452,England,793,New Zealand,270,523,2690,29.5,Unique largest,England
124011453,England,613,New Zealand,171,442,1685,36.4,Unique largest,England
124011454,England,1142,New Zealand,264,878,2901,39.4,Unique largest,England
124011455,England,402,New Zealand,119,283,1104,36.4,Unique largest,England
124021456,,0,,0,,0,,No named-country count,No data
124031457,England,475,New Zealand,301,174,2369,20.1,Unique largest,England
124031459,England,621,New Zealand,177,444,1893,32.8,Unique largest,England
124031460,England,669,India,530,139,3750,17.8,Unique largest,England
124031461,England,682,India,296,386,2827,24.1,Unique largest,England
124031462,India,1808,Philippines,848,960,6760,26.7,Unique largest,India
124031463,India,422,England,244,178,2151,19.6,Unique largest,India
124031464,England,517,India,484,33,3935,13.1,Unique largest,England
124031465,England,135,New Zealand,55,80,532,25.4,Unique largest,England
124031707,England,518,New Zealand,256,262,2286,22.7,Unique largest,England
124031708,India,1268,Philippines,577,691,3791,33.4,Unique largest,India
124041466,England,531,India,254,277,2230,23.8,Unique largest,England
124041467,England,438,India,215,223,1841,23.8,Unique largest,England
124041468,Malta,174,England,135,39,1002,17.4,Unique largest,Other
124051469,Philippines,249,New Zealand,152,97,1417,17.6,Unique largest,Philippines
124051470,Philippines,704,New Zealand,510,194,4715,14.9,Unique largest,Philippines
124051580,Philippines,502,New Zealand,414,88,3381,14.8,Unique largest,Philippines
124051581,Philippines,721,New Zealand,612,109,4399,16.4,Unique largest,Philippines
125011475,,0,,0,,0,,No named-country count,No data
125011582,China,2799,Nepal,2557,242,11895,23.5,Unique largest,China
125011583,Nepal,2421,China,1692,729,7701,31.4,Unique largest,Other
125011584,China,1103,Lebanon,429,674,4159,26.5,Unique largest,China
125011585,China,1482,Vietnam,732,750,4687,31.6,Unique largest,China
125011586,South Korea,3047,China,2344,703,13180,23.1,Unique largest,Other
125011587,China,530,Vietnam,451,79,2539,20.9,Unique largest,China
125011709,South Korea,924,China,651,273,3927,23.5,Unique largest,Other
125011710,China,4239,South Korea,2010,2229,11602,36.5,Unique largest,China
125021477,China,2257,South Korea,1472,785,9542,23.7,Unique largest,China
125021478,China,2341,South Korea,1123,1218,7857,29.8,Unique largest,China
125021711,China,1801,Hong Kong SAR,695,1106,5753,31.3,Unique largest,China
125021712,China,3853,India,946,2907,10173,37.9,Unique largest,China
125031479,Vietnam,2247,Lebanon,1525,722,8445,26.6,Unique largest,Vietnam
125031480,Vietnam,2310,Lebanon,788,1522,6870,33.6,Unique largest,Vietnam
125031481,Nepal,2533,China,1714,819,12047,21.0,Unique largest,Other
125031483,Lebanon,2627,Afghanistan,791,1836,8464,31.0,Unique largest,Other
125031484,Lebanon,1646,Afghanistan,1076,570,8561,19.2,Unique largest,Other
125031486,China,3,Afghanistan,0,3,3,100.0,Unique largest,China
125031487,China,3,New Zealand,3,0,6,50.0,Tie for largest,Tie
125031713,Lebanon,781,India,348,433,4562,17.1,Unique largest,Other
125031714,Lebanon,1553,Afghanistan,1291,262,10696,14.5,Unique largest,Other
125031715,India,616,Philippines,283,333,3672,16.8,Unique largest,India
125031716,Lebanon,570,India,474,96,2766,20.6,Unique largest,Other
125041489,India,3415,China,1520,1895,11062,30.9,Unique largest,India
125041490,China,943,South Korea,296,647,3122,30.2,Unique largest,China
125041491,India,4028,China,677,3351,9537,42.2,Unique largest,India
125041493,India,3016,Sri Lanka,927,2089,9183,32.8,Unique largest,India
125041494,China,417,India,410,7,3065,13.6,Unique largest,China
125041588,India,4125,Sri Lanka,1349,2776,7879,52.4,Unique largest,India
125041589,India,8052,Sri Lanka,945,7107,13455,59.8,Unique largest,India
125041717,India,4582,China,1068,3514,8659,52.9,Unique largest,India
125041718,India,3171,China,809,2362,6531,48.6,Unique largest,India
125041719,India,3431,China,452,2979,5979,57.4,Unique largest,India
126011496,China,1827,India,842,985,7576,24.1,Unique largest,China
126011720,China,2190,India,1447,743,7545,29.0,Unique largest,China
126011721,China,3768,India,1487,2281,10757,35.0,Unique largest,China
126021498,China,651,England,535,116,4289,15.2,Unique largest,China
126021499,England,379,China,304,75,2294,16.5,Unique largest,England
126021500,China,3681,India,1685,1996,12975,28.4,Unique largest,China
126021501,China,1345,India,606,739,6201,21.7,Unique largest,China
126021503,China,2137,South Korea,1252,885,9780,21.9,Unique largest,China
126021590,China,256,Italy,91,165,1148,22.3,Unique largest,China
126021722,China,1093,South Korea,245,848,2768,39.5,Unique largest,China
126021723,China,4912,South Korea,1271,3641,10814,45.4,Unique largest,China
126021724,China,1693,India,573,1120,7933,21.3,Unique largest,China
126021725,China,1795,South Korea,565,1230,5775,31.1,Unique largest,China
127011504,Vietnam,1493,Lebanon,956,537,5681,26.3,Unique largest,Vietnam
127011505,Iraq,463,Italy,434,29,4021,11.5,Unique largest,Iraq
127011592,Philippines,4,Italy,3,1,10,40.0,Unique largest,Philippines
127011593,Iraq,641,Vietnam,363,278,2547,25.2,Unique largest,Iraq
127011594,Vietnam,1220,Iraq,1136,84,5365,22.7,Unique largest,Vietnam
127011595,Iraq,1508,Vietnam,634,874,4967,30.4,Unique largest,Iraq
127011596,Iraq,1186,Fiji,631,555,4966,23.9,Unique largest,Iraq
127011597,Iraq,1662,Fiji,656,1006,5807,28.6,Unique largest,Iraq
127011726,England,151,New Zealand,54,97,723,20.9,Unique largest,England
127011727,India,550,Philippines,395,155,3741,14.7,Unique largest,India
127011728,India,481,Iraq,311,170,4054,11.9,Unique largest,India
127011729,India,1150,Iraq,411,739,5340,21.5,Unique largest,India
127021509,Vietnam,2825,Iraq,1422,1403,7629,37.0,Unique largest,Vietnam
127021510,Iraq,3858,Vietnam,706,3152,8274,46.6,Unique largest,Iraq
127021511,Vietnam,8701,Cambodia,1776,6925,14160,61.4,Unique largest,Vietnam
127021512,Vietnam,4036,Cambodia,822,3214,8050,50.1,Unique largest,Vietnam
127021513,Vietnam,6909,Cambodia,1441,5468,12010,57.5,Unique largest,Vietnam
127021514,Iraq,1844,Vietnam,806,1038,4551,40.5,Unique largest,Iraq
127021515,Iraq,4174,Vietnam,1756,2418,9501,43.9,Unique largest,Iraq
127021516,Iraq,4695,Vietnam,2379,2316,10501,44.7,Unique largest,Iraq
127021517,Iraq,1797,Vietnam,759,1038,4049,44.4,Unique largest,Iraq
127021518,Italy,277,Iraq,172,105,1089,25.4,Unique largest,Italy
127021519,Iraq,3533,Vietnam,1094,2439,8457,41.8,Unique largest,Iraq
127021520,Vietnam,1829,Iraq,1227,602,5519,33.1,Unique largest,Vietnam
127021521,Vietnam,15,India,3,12,21,71.4,Unique largest,Vietnam
127031522,Iraq,854,Fiji,523,331,6158,13.9,Unique largest,Iraq
127031523,Vietnam,875,Lebanon,578,297,5952,14.7,Unique largest,Vietnam
127031524,India,1033,Egypt,466,567,5758,17.9,Unique largest,India
127031599,Iraq,1272,Lebanon,727,545,4564,27.9,Unique largest,Iraq
127031601,India,394,Vietnam,307,87,2660,14.8,Unique largest,India
127031730,India,990,Nepal,571,419,5598,17.7,Unique largest,India
127031731,Iraq,1406,India,1176,230,8201,17.1,Unique largest,Iraq
127031732,Iraq,2118,Vietnam,624,1494,6252,33.9,Unique largest,Iraq
127031733,Fiji,952,Iraq,534,418,5741,16.6,Unique largest,Other
128011529,England,772,New Zealand,227,545,2781,27.8,Unique largest,England
128011530,England,756,China,592,164,4662,16.2,Unique largest,England
128011531,China,672,England,414,258,3709,18.1,Unique largest,China
128011602,England,487,New Zealand,254,233,2303,21.1,Unique largest,England
128011603,England,478,New Zealand,154,324,1686,28.4,Unique largest,England
128011604,England,925,New Zealand,408,517,3527,26.2,Unique largest,England
128011605,England,102,Greece,25,77,349,29.2,Unique largest,England
128011606,England,326,New Zealand,142,184,1204,27.1,Unique largest,England
128021533,England,261,New Zealand,61,200,688,37.9,Unique largest,England
128021534,England,261,Lebanon,228,33,2195,11.9,Unique largest,England
128021535,England,626,China,239,387,3206,19.5,Unique largest,England
128021536,England,1021,China,456,565,3861,26.4,Unique largest,England
128021537,,0,,0,,0,,No named-country count,No data
128021538,England,823,China,478,345,4632,17.8,Unique largest,England
128021607,England,636,New Zealand,180,456,1943,32.7,Unique largest,England
128021608,England,238,New Zealand,91,147,809,29.4,Unique largest,England
128021609,England,152,New Zealand,45,107,439,34.6,Unique largest,England
197979799,,0,,0,,0,,No named-country count,No data
199999499,England,318,New Zealand,194,124,1632,19.5,Unique largest,England
201011001,India,681,England,333,348,2397,28.4,Unique largest,India
201011002,England,282,India,180,102,1482,19.0,Unique largest,England
201011005,England,268,New Zealand,64,204,654,41.0,Unique largest,England
201011006,India,265,England,161,104,1027,25.8,Unique largest,India
201011007,England,102,New Zealand,30,72,312,32.7,Unique largest,England
201011008,England,246,Philippines,160,86,1231,20.0,Unique largest,England
201011481,England,237,India,115,122,906,26.2,Unique largest,England
201011482,England,327,New Zealand,117,210,1230,26.6,Unique largest,England
201011483,England,298,India,241,57,1412,21.1,Unique largest,England
201011484,England,247,India,159,88,1162,21.3,Unique largest,England
201021009,England,265,New Zealand,87,178,724,36.6,Unique largest,England
201021010,England,276,New Zealand,80,196,726,38.0,Unique largest,England
201021011,England,501,New Zealand,154,347,1455,34.4,Unique largest,England
201021012,England,208,New Zealand,85,123,589,35.3,Unique largest,England
201031013,England,124,New Zealand,44,80,297,41.8,Unique largest,England
201031014,England,173,New Zealand,45,128,401,43.1,Unique largest,England
201031015,England,163,New Zealand,53,110,424,38.4,Unique largest,England
201031016,England,234,New Zealand,61,173,681,34.4,Unique largest,England
201031017,England,236,New Zealand,58,178,502,47.0,Unique largest,England
202011018,India,266,England,249,17,1691,15.7,Unique largest,India
202011019,Myanmar,210,Thailand,198,12,1089,19.3,Unique largest,Other
202011020,England,241,India,179,62,1459,16.5,Unique largest,England
202011021,England,160,India,88,72,837,19.1,Unique largest,England
202011022,England,321,India,245,76,2077,15.5,Unique largest,England
202011023,England,75,India,39,36,260,28.8,Unique largest,England
202011024,England,209,New Zealand,87,122,842,24.8,Unique largest,England
202011025,India,224,England,176,48,1318,17.0,Unique largest,India
202021026,England,182,New Zealand,57,125,508,35.8,Unique largest,England
202021027,England,436,New Zealand,176,260,1336,32.6,Unique largest,England
202021028,England,400,New Zealand,127,273,945,42.3,Unique largest,England
202021029,England,186,New Zealand,58,128,455,40.9,Unique largest,England
202021030,England,462,New Zealand,169,293,1332,34.7,Unique largest,England
202021031,England,487,New Zealand,102,385,1132,43.0,Unique largest,England
202031032,England,93,New Zealand,28,65,274,33.9,Unique largest,England
202031033,England,170,Philippines,102,68,568,29.9,Unique largest,England
203011034,England,254,New Zealand,74,180,649,39.1,Unique largest,England
203011035,England,313,New Zealand,70,243,704,44.5,Unique largest,England
203011036,England,223,New Zealand,66,157,495,45.1,Unique largest,England
203021037,India,429,England,372,57,2341,18.3,Unique largest,India
203021039,England,415,India,283,132,2223,18.7,Unique largest,England
203021040,England,495,India,352,143,2922,16.9,Unique largest,England
203021042,England,807,India,552,255,4064,19.9,Unique largest,England
203021043,England,742,India,369,373,3190,23.3,Unique largest,England
203021044,England,466,New Zealand,132,334,1616,28.8,Unique largest,England
203021045,England,483,India,235,248,1956,24.7,Unique largest,England
203021046,England,289,India,136,153,1376,21.0,Unique largest,England
203021047,Croatia,615,India,360,255,3722,16.5,Unique largest,Other
203021485,India,446,England,297,149,1723,25.9,Unique largest,India
203021486,England,445,Myanmar,432,13,4004,11.1,Unique largest,England
203021487,India,808,England,768,40,4106,19.7,Unique largest,India
203021488,India,309,England,163,146,1889,16.4,Unique largest,India
203031048,England,945,New Zealand,212,733,2354,40.1,Unique largest,England
203031049,England,180,New Zealand,88,92,658,27.4,Unique largest,England
203031051,England,450,New Zealand,144,306,1426,31.6,Unique largest,England
203031052,England,220,New Zealand,65,155,573,38.4,Unique largest,England
203031053,England,902,New Zealand,340,562,2814,32.1,Unique largest,England
203031489,England,425,India,213,212,1482,28.7,Unique largest,England
203031490,England,828,New Zealand,173,655,2032,40.7,Unique largest,England
204011054,England,290,New Zealand,89,201,757,38.3,Unique largest,England
204011055,England,186,New Zealand,59,127,561,33.2,Unique largest,England
204011056,England,455,New Zealand,166,289,1585,28.7,Unique largest,England
204011057,England,361,New Zealand,115,246,1081,33.4,Unique largest,England
204011058,England,130,New Zealand,64,66,457,28.4,Unique largest,England
204011059,England,116,China,115,1,675,17.2,Unique largest,England
204011060,England,124,New Zealand,50,74,399,31.1,Unique largest,England
204011061,England,8,Afghanistan,0,8,8,100.0,Unique largest,England
204011062,England,145,New Zealand,63,82,387,37.5,Unique largest,England
204021063,England,264,India,107,157,946,27.9,Unique largest,England
204021064,England,97,New Zealand,36,61,260,37.3,Unique largest,England
204021065,England,95,New Zealand,47,48,246,38.6,Unique largest,England
204021066,England,347,Italy,217,130,1781,19.5,Unique largest,England
204021067,England,211,Italy,75,136,673,31.4,Unique largest,England
204031068,England,203,New Zealand,51,152,525,38.7,Unique largest,England
204031069,England,360,New Zealand,113,247,1136,31.7,Unique largest,England
204031070,England,106,New Zealand,24,82,223,47.5,Unique largest,England
204031071,Italy,189,England,111,78,629,30.0,Unique largest,Italy
204031072,England,137,New Zealand,52,85,453,30.2,Unique largest,England
204031073,England,287,New Zealand,150,137,1282,22.4,Unique largest,England
204031075,England,136,New Zealand,43,93,333,40.8,Unique largest,England
204031491,England,266,India,157,109,1188,22.4,Unique largest,England
204031492,England,245,India,180,65,1538,15.9,Unique largest,England
205011076,England,730,New Zealand,265,465,2149,34.0,Unique largest,England
205011077,England,202,New Zealand,57,145,579,34.9,Unique largest,England
205011078,England,279,New Zealand,75,204,789,35.4,Unique largest,England
205011079,England,754,New Zealand,253,501,2679,28.1,Unique largest,England
205021080,,0,,0,,0,,No named-country count,No data
205021081,England,436,Philippines,150,286,1621,26.9,Unique largest,England
205021082,England,239,New Zealand,83,156,626,38.2,Unique largest,England
205021083,,0,,0,,0,,No named-country count,No data
205021084,England,517,New Zealand,105,412,1356,38.1,Unique largest,England
205021085,England,223,New Zealand,58,165,621,35.9,Unique largest,England
205021086,England,453,New Zealand,103,350,1021,44.4,Unique largest,England
205031087,England,389,New Zealand,150,239,1116,34.9,Unique largest,England
205031088,England,8,South Africa,6,2,21,38.1,Unique largest,England
205031089,England,391,New Zealand,111,280,1008,38.8,Unique largest,England
205031090,England,368,New Zealand,119,249,1134,32.5,Unique largest,England
205031091,England,785,New Zealand,223,562,2161,36.3,Unique largest,England
205031092,,0,,0,,0,,No named-country count,No data
205031093,England,1344,New Zealand,391,953,3491,38.5,Unique largest,England
205041094,England,353,New Zealand,121,232,1169,30.2,Unique largest,England
205041095,England,542,Netherlands,183,359,1992,27.2,Unique largest,England
205041096,England,347,Italy,286,61,2042,17.0,Unique largest,England
205041098,England,88,New Zealand,34,54,244,36.1,Unique largest,England
205041493,England,311,New Zealand,128,183,1333,23.3,Unique largest,England
205041494,England,401,India,211,190,1942,20.6,Unique largest,England
205051099,,0,,0,,0,,No named-country count,No data
205051100,England,237,New Zealand,62,175,592,40.0,Unique largest,England
205051101,England,366,New Zealand,183,183,1097,33.4,Unique largest,England
205051102,England,92,New Zealand,91,1,526,17.5,Unique largest,England
205051103,England,430,New Zealand,152,278,1773,24.3,Unique largest,England
205051104,England,208,New Zealand,90,118,546,38.1,Unique largest,England
206011106,England,485,New Zealand,369,116,3371,14.4,Unique largest,England
206011107,Italy,418,England,375,43,3726,11.2,Unique largest,Italy
206011109,Italy,483,Greece,277,206,2143,22.5,Unique largest,Italy
206011495,Greece,419,England,413,6,3564,11.8,Unique largest,Other
206011496,England,524,New Zealand,422,102,3520,14.9,Unique largest,England
206011497,Italy,605,England,347,258,3711,16.3,Unique largest,Italy
206011498,Italy,577,Greece,413,164,3492,16.5,Unique largest,Italy
206021110,England,292,Greece,242,50,1795,16.3,Unique largest,England
206021112,Greece,797,England,545,252,4580,17.4,Unique largest,Other
206021499,Greece,603,England,540,63,3241,18.6,Unique largest,Other
206021500,England,426,Greece,285,141,2298,18.5,Unique largest,England
206031113,Vietnam,397,England,349,48,3342,11.9,Unique largest,Vietnam
206031115,Vietnam,346,India,252,94,2391,14.5,Unique largest,Vietnam
206031116,Italy,582,India,409,173,4021,14.5,Unique largest,Italy
206031501,India,474,Italy,468,6,3339,14.2,Unique largest,India
206031502,India,386,Italy,253,133,2777,13.9,Unique largest,India
206041117,China,2320,India,823,1497,7967,29.1,Unique largest,China
206041118,India,2243,China,2006,237,8469,26.5,Unique largest,India
206041119,England,217,New Zealand,144,73,1192,18.2,Unique largest,England
206041120,India,10,New Zealand,4,6,24,41.7,Unique largest,India
206041121,England,348,Vietnam,321,27,2743,12.7,Unique largest,England
206041124,China,346,England,242,104,2332,14.8,Unique largest,China
206041125,England,282,China,237,45,1813,15.6,Unique largest,England
206041127,,0,,0,,0,,No named-country count,No data
206041503,China,1049,India,704,345,5354,19.6,Unique largest,China
206041504,China,4168,Malaysia,1552,2616,12102,34.4,Unique largest,China
206041505,China,2216,India,1709,507,9905,22.4,Unique largest,China
206041506,China,1183,Vietnam,436,747,5430,21.8,Unique largest,China
206041507,,0,,0,,0,,No named-country count,No data
206041508,India,588,China,559,29,3243,18.1,Unique largest,India
206041509,India,1535,China,1464,71,8482,18.1,Unique largest,India
206041510,China,839,India,530,309,3490,24.0,Unique largest,China
206051128,England,731,India,440,291,4681,15.6,Unique largest,England
206051129,England,767,New Zealand,343,424,3239,23.7,Unique largest,England
206051130,England,797,New Zealand,398,399,3932,20.3,Unique largest,England
206051134,England,692,India,476,216,4101,16.9,Unique largest,England
206051511,China,146,England,83,63,710,20.6,Unique largest,China
206051512,England,560,New Zealand,305,255,3336,16.8,Unique largest,England
206051513,England,622,New Zealand,393,229,3690,16.9,Unique largest,England
206051514,England,736,New Zealand,424,312,4258,17.3,Unique largest,England
206061135,England,330,China,296,34,2327,14.2,Unique largest,England
206061136,England,910,New Zealand,607,303,5230,17.4,Unique largest,England
206061138,China,643,England,445,198,3437,18.7,Unique largest,China
206061515,China,718,England,496,222,4169,17.2,Unique largest,China
206061516,England,438,New Zealand,307,131,2890,15.2,Unique largest,England
206071139,Vietnam,353,England,339,14,2713,13.0,Unique largest,Vietnam
206071140,England,305,New Zealand,191,114,1630,18.7,Unique largest,England
206071141,England,398,New Zealand,329,69,2516,15.8,Unique largest,England
206071142,England,473,Vietnam,340,133,2611,18.1,Unique largest,England
206071143,England,605,New Zealand,359,246,2780,21.8,Unique largest,England
206071145,England,405,New Zealand,227,178,1881,21.5,Unique largest,England
206071517,England,793,New Zealand,512,281,3755,21.1,Unique largest,England
206071518,Vietnam,1097,England,416,681,4286,25.6,Unique largest,Vietnam
207011146,China,464,England,229,235,1996,23.2,Unique largest,China
207011147,China,2751,India,547,2204,6845,40.2,Unique largest,China
207011148,China,3066,Malaysia,802,2264,8662,35.4,Unique largest,China
207011149,China,1493,England,698,795,6117,24.4,Unique largest,China
207011150,China,925,England,516,409,4109,22.5,Unique largest,China
207011152,China,849,India,502,347,4419,19.2,Unique largest,China
207011154,China,315,England,168,147,1689,18.7,Unique largest,China
207011155,China,1230,England,554,676,4272,28.8,Unique largest,China
207011519,England,320,India,228,92,2262,14.1,Unique largest,England
207011520,India,512,China,465,47,3364,15.2,Unique largest,India
207011521,China,813,England,350,463,3278,24.8,Unique largest,China
207011522,China,819,England,360,459,3634,22.5,Unique largest,China
207021156,China,857,Italy,689,168,4323,19.8,Unique largest,China
207021157,China,4261,Malaysia,1359,2902,12781,33.3,Unique largest,China
207021159,China,1794,Malaysia,495,1299,6748,26.6,Unique largest,China
207021160,China,1183,Greece,528,655,5198,22.8,Unique largest,China
207021424,China,2222,Hong Kong SAR,870,1352,7528,29.5,Unique largest,China
207021425,China,2406,Malaysia,896,1510,7735,31.1,Unique largest,China
207031161,China,1978,India,845,1133,7005,28.2,Unique largest,China
207031162,China,1159,India,344,815,3812,30.4,Unique largest,China
207031163,China,5366,Malaysia,1136,4230,11689,45.9,Unique largest,China
207031164,China,2841,Malaysia,730,2111,7419,38.3,Unique largest,China
207031165,China,1725,India,842,883,5573,31.0,Unique largest,China
207031166,China,1730,India,538,1192,5289,32.7,Unique largest,China
207031167,China,814,England,328,486,2831,28.8,Unique largest,China
208011168,England,1008,South Africa,256,752,2994,33.7,Unique largest,England
208011169,England,1236,China,802,434,5349,23.1,Unique largest,England
208011170,England,736,China,637,99,3968,18.5,Unique largest,England
208011171,England,666,New Zealand,270,396,2969,22.4,Unique largest,England
208011172,England,1209,China,333,876,4217,28.7,Unique largest,England
208011173,England,1246,New Zealand,309,937,3834,32.5,Unique largest,England
208021174,China,1650,India,852,798,7587,21.7,Unique largest,China
208021176,India,1703,China,1138,565,6814,25.0,Unique largest,India
208021177,China,907,South Africa,747,160,5966,15.2,Unique largest,China
208021178,South Africa,1033,England,494,539,4909,21.0,Unique largest,Other
208021179,England,478,New Zealand,239,239,2787,17.2,Unique largest,England
208021180,India,440,Greece,401,39,2698,16.3,Unique largest,India
208021181,India,517,China,370,147,2782,18.6,Unique largest,India
208021182,India,1338,China,588,750,4637,28.9,Unique largest,India
208021426,China,953,India,676,277,4850,19.6,Unique largest,China
208021427,China,536,India,422,114,3643,14.7,Unique largest,China
208031183,India,332,China,326,6,2783,11.9,Unique largest,India
208031184,England,3,Afghanistan,0,3,3,100.0,Unique largest,England
208031185,England,595,China,227,368,2583,23.0,Unique largest,England
208031186,England,764,New Zealand,339,425,3051,25.0,Unique largest,England
208031187,England,254,India,122,132,1180,21.5,Unique largest,England
208031188,England,897,China,812,85,6445,13.9,Unique largest,England
208031189,England,602,New Zealand,202,400,2234,26.9,Unique largest,England
208031190,England,622,China,353,269,3273,19.0,Unique largest,England
208031191,India,334,China,317,17,2600,12.8,Unique largest,India
208031192,China,20,Afghanistan,0,20,20,100.0,Unique largest,China
208031193,England,1150,New Zealand,355,795,4484,25.6,Unique largest,England
208041194,England,650,India,624,26,4875,13.3,Unique largest,England
208041195,China,1149,India,714,435,5851,19.6,Unique largest,China
209011196,China,627,India,280,347,2779,22.6,Unique largest,China
209011197,England,603,China,367,236,3696,16.3,Unique largest,England
209011198,India,478,England,425,53,3873,12.3,Unique largest,India
209011199,China,430,India,341,89,3618,11.9,Unique largest,China
209011200,China,551,England,367,184,2980,18.5,Unique largest,China
209011201,England,254,China,211,43,1540,16.5,Unique largest,England
209011202,England,599,China,206,393,2475,24.2,Unique largest,England
209011203,China,757,England,521,236,4526,16.7,Unique largest,China
209011204,China,210,England,177,33,1810,11.6,Unique largest,China
209021205,China,809,India,555,254,3876,20.9,Unique largest,China
209021428,China,672,Greece,637,35,6248,10.8,Unique largest,China
209021429,Italy,539,China,327,212,3396,15.9,Unique largest,Italy
209021523,India,639,Italy,619,20,4897,13.0,Unique largest,India
209021524,Italy,1341,Greece,255,1086,3477,38.6,Unique largest,Italy
209021525,India,480,China,457,23,3906,12.3,Unique largest,India
209021526,India,534,Italy,501,33,3909,13.7,Unique largest,India
209031209,England,1103,New Zealand,285,818,3839,28.7,Unique largest,England
209031210,England,173,New Zealand,37,136,364,47.5,Unique largest,England
209031211,England,127,New Zealand,36,91,376,33.8,Unique largest,England
209031212,England,224,New Zealand,64,160,562,39.9,Unique largest,England
209031213,England,222,Italy,221,1,1632,13.6,Unique largest,England
209031214,England,290,New Zealand,77,213,891,32.5,Unique largest,England
209031215,England,570,New Zealand,119,451,1865,30.6,Unique largest,England
209041216,China,450,India,314,136,2526,17.8,Unique largest,China
209041217,China,522,India,297,225,2476,21.1,Unique largest,China
209041220,India,626,North Macedonia,602,24,5503,11.4,Unique largest,India
209041221,China,394,India,318,76,3674,10.7,Unique largest,China
209041223,India,1242,Italy,1184,58,9202,13.5,Unique largest,India
209041224,India,1044,England,523,521,3802,27.5,Unique largest,India
209041225,India,519,England,266,253,1844,28.1,Unique largest,India
209041431,India,772,North Macedonia,367,405,3994,19.3,Unique largest,India
209041432,India,726,North Macedonia,297,429,3107,23.4,Unique largest,India
209041433,India,1393,Sri Lanka,361,1032,4896,28.5,Unique largest,India
209041435,India,894,North Macedonia,307,587,3484,25.7,Unique largest,India
209041436,India,715,Italy,362,353,3567,20.0,Unique largest,India
209041437,India,4559,Iraq,815,3744,11093,41.1,Unique largest,India
209041527,India,481,England,427,54,2564,18.8,Unique largest,India
209041528,India,590,England,228,362,2268,26.0,Unique largest,India
209041529,India,704,Italy,485,219,4432,15.9,Unique largest,India
209041530,North Macedonia,689,Vietnam,629,60,5503,12.5,Unique largest,Other
209041531,India,1061,Sri Lanka,229,832,3564,29.8,Unique largest,India
209041532,India,1334,Sri Lanka,273,1061,3906,34.2,Unique largest,India
210011226,Italy,470,India,194,276,1777,26.4,Unique largest,Italy
210011227,England,3,Japan,3,0,6,50.0,Tie for largest,Tie
210011228,Italy,472,England,146,326,1792,26.3,Unique largest,Italy
210011230,Italy,172,England,147,25,1348,12.8,Unique largest,Italy
210011231,Italy,207,India,196,11,1766,11.7,Unique largest,Italy
210011533,Italy,1072,Vietnam,711,361,4409,24.3,Unique largest,Italy
210011534,Italy,860,Vietnam,397,463,3918,21.9,Unique largest,Italy
210021232,England,521,New Zealand,201,320,1658,31.4,Unique largest,England
210021233,England,187,New Zealand,63,124,461,40.6,Unique largest,England
210021234,England,187,New Zealand,54,133,448,41.7,Unique largest,England
210021235,England,365,New Zealand,111,254,1006,36.3,Unique largest,England
210031236,Italy,411,England,206,205,2300,17.9,Unique largest,Italy
210031237,Pakistan,1102,Italy,1045,57,5821,18.9,Unique largest,Other
210031439,India,61,Fiji,59,2,672,9.1,Unique largest,India
210031440,Italy,336,Lebanon,252,84,1802,18.6,Unique largest,Italy
210031535,Nepal,797,India,633,164,5519,14.4,Unique largest,Other
210031536,Nepal,1004,India,608,396,3698,27.1,Unique largest,Other
210031537,India,353,Nepal,271,82,2491,14.2,Unique largest,India
210031538,Italy,711,India,480,231,4637,15.3,Unique largest,Italy
210041240,England,441,New Zealand,194,247,1913,23.1,Unique largest,England
210041539,India,383,Philippines,144,239,1153,33.2,Unique largest,India
210041540,England,535,India,359,176,2559,20.9,Unique largest,England
210041541,England,378,New Zealand,201,177,1584,23.9,Unique largest,England
210051242,Nepal,667,Lebanon,600,67,5533,12.1,Unique largest,Other
210051243,Turkey,1272,Iraq,1153,119,6419,19.8,Unique largest,Other
210051245,Italy,542,India,336,206,4476,12.1,Unique largest,Italy
210051246,Iraq,833,Turkey,822,11,6480,12.9,Unique largest,Iraq
210051247,Turkey,1656,Iraq,1058,598,5659,29.3,Unique largest,Other
210051248,Italy,9,New Zealand,9,0,21,42.9,Tie for largest,Tie
210051250,Italy,217,India,212,5,1759,12.3,Unique largest,Italy
210051441,India,733,Iraq,386,347,2533,28.9,Unique largest,India
210051442,India,1620,Iraq,765,855,4935,32.8,Unique largest,India
210051443,India,2423,Iraq,2339,84,9204,26.3,Unique largest,India
210051445,India,4301,Iraq,1302,2999,9876,43.6,Unique largest,India
210051542,India,2022,Iraq,1120,902,5127,39.4,Unique largest,India
210051543,India,1987,Iraq,1542,445,6496,30.6,Unique largest,India
210051544,Iraq,920,Turkey,586,334,3877,23.7,Unique largest,Iraq
210051545,Iraq,3236,Turkey,734,2502,6442,50.2,Unique largest,Iraq
211011251,China,684,India,503,181,4068,16.8,Unique largest,China
211011254,China,1285,India,803,482,6458,19.9,Unique largest,China
211011255,England,193,China,159,34,1372,14.1,Unique largest,England
211011256,China,899,Sri Lanka,488,411,5240,17.2,Unique largest,China
211011257,China,307,India,263,44,2250,13.6,Unique largest,China
211011258,Sri Lanka,467,China,391,76,3314,14.1,Unique largest,Other
211011259,China,1359,India,611,748,5274,25.8,Unique largest,China
211011260,China,1821,Malaysia,844,977,7449,24.4,Unique largest,China
211011446,England,931,China,784,147,5871,15.9,Unique largest,England
211011447,England,579,India,306,273,3063,18.9,Unique largest,England
211011448,England,574,China,444,130,3549,16.2,Unique largest,England
211011449,England,223,New Zealand,49,174,634,35.2,Unique largest,England
211021261,China,915,England,427,488,4652,19.7,Unique largest,China
211021262,England,449,China,263,186,1740,25.8,Unique largest,England
211031263,England,407,India,315,92,2393,17.0,Unique largest,England
211031265,England,710,China,520,190,3192,22.2,Unique largest,England
211031266,China,1362,India,589,773,6173,22.1,Unique largest,China
211031267,China,848,England,681,167,5012,16.9,Unique largest,China
211031268,China,367,England,326,41,1998,18.4,Unique largest,China
211031450,England,655,Myanmar,557,98,3736,17.5,Unique largest,England
211031451,England,637,China,423,214,3273,19.5,Unique largest,England
211031452,England,169,China,148,21,925,18.3,Unique largest,England
211041269,China,1203,India,357,846,4286,28.1,Unique largest,China
211041270,China,1324,India,589,735,5247,25.2,Unique largest,China
211041271,China,1080,India,572,508,4386,24.6,Unique largest,China
211041272,China,1109,India,500,609,3844,28.9,Unique largest,China
211041273,China,1694,Malaysia,500,1194,5203,32.6,Unique largest,China
211051274,England,593,New Zealand,142,451,1485,39.9,Unique largest,England
211051275,England,482,China,236,246,2325,20.7,Unique largest,England
211051276,England,765,New Zealand,207,558,1816,42.1,Unique largest,England
211051277,England,434,Myanmar,336,98,1934,22.4,Unique largest,England
211051278,England,986,New Zealand,220,766,2974,33.2,Unique largest,England
211051279,England,309,Netherlands,138,171,819,37.7,Unique largest,England
211051280,England,361,Netherlands,95,266,917,39.4,Unique largest,England
211051281,England,882,Myanmar,761,121,4596,19.2,Unique largest,England
211051282,England,619,New Zealand,121,498,1555,39.8,Unique largest,England
211051283,England,474,Netherlands,116,358,1143,41.5,Unique largest,England
211051284,England,516,New Zealand,144,372,1467,35.2,Unique largest,England
211051285,England,339,Netherlands,75,264,843,40.2,Unique largest,England
211051286,England,823,New Zealand,211,612,1922,42.8,Unique largest,England
212011289,England,954,New Zealand,216,738,2245,42.5,Unique largest,England
212011546,India,1548,Sri Lanka,960,588,6430,24.1,Unique largest,India
212011547,England,338,New Zealand,114,224,888,38.1,Unique largest,England
212011548,England,317,New Zealand,137,180,1177,26.9,Unique largest,England
212011549,India,573,England,477,96,3206,17.9,Unique largest,India
212011550,India,490,Sri Lanka,231,259,1911,25.6,Unique largest,India
212011551,India,449,England,290,159,1756,25.6,Unique largest,India
212011552,India,1927,England,835,1092,7218,26.7,Unique largest,India
212021293,England,1141,China,627,514,5766,19.8,Unique largest,England
212021295,Afghanistan,1395,India,675,720,5717,24.4,Unique largest,Other
212021297,Afghanistan,1178,India,595,583,5279,22.3,Unique largest,Other
212021299,England,239,China,197,42,1951,12.3,Unique largest,England
212021453,Sri Lanka,591,India,491,100,4759,12.4,Unique largest,Other
212021454,Sri Lanka,776,India,639,137,5581,13.9,Unique largest,Other
212021455,India,556,Afghanistan,436,120,4150,13.4,Unique largest,India
212021456,India,782,Sri Lanka,681,101,5455,14.3,Unique largest,India
212021553,India,1455,Sri Lanka,947,508,6187,23.5,Unique largest,India
212021554,India,1108,Sri Lanka,648,460,4227,26.2,Unique largest,India
212031300,India,1535,Afghanistan,620,915,6451,23.8,Unique largest,India
212031303,India,1202,England,568,634,4244,28.3,Unique largest,India
212031304,India,2624,Afghanistan,749,1875,8169,32.1,Unique largest,India
212031306,India,3179,Sri Lanka,1012,2167,8906,35.7,Unique largest,India
212031308,England,330,New Zealand,105,225,848,38.9,Unique largest,England
212031457,Afghanistan,702,India,601,101,4199,16.7,Unique largest,Other
212031458,Afghanistan,1604,India,1017,587,6669,24.1,Unique largest,Other
212031555,India,1713,Sri Lanka,1110,603,5159,33.2,Unique largest,India
212031556,India,3047,Sri Lanka,1075,1972,7112,42.8,Unique largest,India
212031557,India,3801,Philippines,972,2829,9968,38.1,Unique largest,India
212031558,India,2008,Sri Lanka,432,1576,5170,38.8,Unique largest,India
212031559,India,1802,Sri Lanka,1033,769,6101,29.5,Unique largest,India
212031560,India,881,Afghanistan,575,306,3936,22.4,Unique largest,India
212031561,Afghanistan,1019,India,942,77,6011,17.0,Unique largest,Other
212031562,Afghanistan,934,India,916,18,6267,14.9,Unique largest,Other
212041309,India,1082,Greece,759,323,4981,21.7,Unique largest,India
212041310,India,1997,China,1102,895,7697,25.9,Unique largest,India
212041312,Sri Lanka,1445,India,1443,2,9966,14.5,Unique largest,Other
212041313,England,413,India,234,179,2434,17.0,Unique largest,England
212041316,India,400,Vietnam,380,20,3377,11.8,Unique largest,India
212041317,Vietnam,4655,India,1656,2999,14122,33.0,Unique largest,Vietnam
212041318,Vietnam,2521,Cambodia,1942,579,7202,35.0,Unique largest,Vietnam
212041459,India,1606,Vietnam,909,697,6817,23.6,Unique largest,India
212041460,Vietnam,2516,Cambodia,2014,502,11079,22.7,Unique largest,Vietnam
212041563,Afghanistan,2238,India,2232,6,11818,18.9,Unique largest,Other
212041564,Afghanistan,1226,North Macedonia,741,485,4763,25.7,Unique largest,Other
212041565,Vietnam,1572,Cambodia,1547,25,7462,21.1,Unique largest,Vietnam
212041566,India,1189,China,1161,28,7680,15.5,Unique largest,India
212051319,China,1779,India,867,912,7658,23.2,Unique largest,China
212051321,China,3738,India,1650,2088,11764,31.8,Unique largest,China
212051322,China,3837,India,1773,2064,12192,31.5,Unique largest,China
212051323,China,2330,India,996,1334,7510,31.0,Unique largest,China
212051324,China,2256,India,1172,1084,8437,26.7,Unique largest,China
212051325,China,1229,India,1029,200,8444,14.6,Unique largest,China
212051326,China,1482,India,1421,61,8856,16.7,Unique largest,China
212051327,China,2430,India,837,1593,8955,27.1,Unique largest,China
212051567,China,1556,India,1032,524,5645,27.6,Unique largest,China
212051568,India,2301,China,1590,711,7654,30.1,Unique largest,India
213011328,Vietnam,569,India,428,141,2892,19.7,Unique largest,Vietnam
213011329,Vietnam,2107,Philippines,449,1658,4634,45.5,Unique largest,Vietnam
213011331,Vietnam,718,Philippines,404,314,3079,23.3,Unique largest,Vietnam
213011332,Vietnam,825,North Macedonia,395,430,4459,18.5,Unique largest,Vietnam
213011333,Vietnam,2501,Philippines,456,2045,6502,38.5,Unique largest,Vietnam
213011334,Vietnam,3942,India,1334,2608,10643,37.0,Unique largest,Vietnam
213011335,Vietnam,4233,India,895,3338,9337,45.3,Unique largest,Vietnam
213011336,Vietnam,1275,India,444,831,4084,31.2,Unique largest,Vietnam
213011337,Vietnam,3341,Malta,418,2923,5996,55.7,Unique largest,Vietnam
213011338,Vietnam,2562,India,535,2027,8107,31.6,Unique largest,Vietnam
213011339,India,1097,Philippines,378,719,4218,26.0,Unique largest,India
213011340,India,527,Italy,518,9,4730,11.1,Unique largest,India
213011569,Vietnam,1784,India,815,969,7792,22.9,Unique largest,Vietnam
213011570,Vietnam,862,Philippines,629,233,3479,24.8,Unique largest,Vietnam
213021341,England,651,New Zealand,326,325,3310,19.7,Unique largest,England
213021342,India,493,England,491,2,5385,9.2,Unique largest,India
213021343,Italy,513,Lebanon,504,9,4593,11.2,Unique largest,Italy
213021344,England,657,New Zealand,456,201,3862,17.0,Unique largest,England
213021345,India,464,China,191,273,1642,28.3,Unique largest,India
213021346,England,853,New Zealand,291,562,3170,26.9,Unique largest,England
213031347,Vietnam,3447,India,1070,2377,8381,41.1,Unique largest,Vietnam
213031348,Vietnam,1460,India,800,660,6087,24.0,Unique largest,Vietnam
213031349,Vietnam,1434,China,449,985,4789,29.9,Unique largest,Vietnam
213031350,England,307,Vietnam,296,11,2128,14.4,Unique largest,England
213031351,Vietnam,712,India,434,278,3442,20.7,Unique largest,Vietnam
213031352,England,567,New Zealand,359,208,3331,17.0,Unique largest,England
213041353,England,745,India,708,37,3444,21.6,Unique largest,England
213041358,India,1101,New Zealand,586,515,4997,22.0,Unique largest,India
213041359,India,3280,Philippines,798,2482,7101,46.2,Unique largest,India
213041360,India,1301,Vietnam,575,726,5989,21.7,Unique largest,India
213041461,Philippines,361,India,290,71,2194,16.5,Unique largest,Philippines
213041462,India,694,Vietnam,385,309,2666,26.0,Unique largest,India
213041463,India,1193,Philippines,988,205,7140,16.7,Unique largest,India
213041571,India,761,New Zealand,268,493,2665,28.6,Unique largest,India
213041572,India,1731,Philippines,472,1259,3208,54.0,Unique largest,India
213041573,England,113,New Zealand,53,60,413,27.4,Unique largest,England
213041574,India,1149,Philippines,592,557,3770,30.5,Unique largest,India
213041575,India,694,North Macedonia,296,398,4103,16.9,Unique largest,India
213041576,India,289,New Zealand,266,23,2158,13.4,Unique largest,India
213041577,New Zealand,212,England,208,4,1829,11.6,Unique largest,New Zealand
213041578,India,1253,New Zealand,545,708,4830,25.9,Unique largest,India
213051361,India,1308,New Zealand,514,794,5717,22.9,Unique largest,India
213051362,India,1728,Myanmar,544,1184,6836,25.3,Unique largest,India
213051363,India,2068,China,618,1450,5939,34.8,Unique largest,India
213051368,India,1302,Italy,451,851,5549,23.5,Unique largest,India
213051464,India,2003,China,1436,567,8841,22.7,Unique largest,India
213051466,India,4255,China,1287,2968,10466,40.7,Unique largest,India
213051467,India,1134,Myanmar,650,484,5884,19.3,Unique largest,India
213051468,India,2242,New Zealand,667,1575,6956,32.2,Unique largest,India
213051579,India,3045,Philippines,379,2666,5135,59.3,Unique largest,India
213051580,India,1345,China,697,648,5310,25.3,Unique largest,India
213051581,India,1436,China,599,837,4613,31.1,Unique largest,India
213051582,India,2984,New Zealand,448,2536,5543,53.8,Unique largest,India
213051583,India,8259,New Zealand,979,7280,14132,58.4,Unique largest,India
213051584,India,2881,New Zealand,297,2584,4323,66.6,Unique largest,India
213051585,India,2117,Philippines,352,1765,4669,45.3,Unique largest,India
213051586,India,2861,New Zealand,348,2513,5029,56.9,Unique largest,India
213051587,India,2718,Philippines,393,2325,5350,50.8,Unique largest,India
213051588,India,4536,Philippines,633,3903,9217,49.2,Unique largest,India
213051589,India,1585,New Zealand,328,1257,3441,46.1,Unique largest,India
213051590,India,1364,Myanmar,435,929,4187,32.6,Unique largest,India
214011370,England,781,India,617,164,4775,16.4,Unique largest,England
214011371,England,1229,New Zealand,513,716,4740,25.9,Unique largest,England
214011372,England,905,New Zealand,520,385,3508,25.8,Unique largest,England
214011373,England,1369,New Zealand,267,1102,3601,38.0,Unique largest,England
214011374,England,1407,New Zealand,394,1013,3585,39.2,Unique largest,England
214011375,England,860,New Zealand,402,458,2951,29.1,Unique largest,England
214011376,England,671,South Africa,318,353,3022,22.2,Unique largest,England
214021377,England,767,New Zealand,224,543,2287,33.5,Unique largest,England
214021378,England,341,New Zealand,90,251,782,43.6,Unique largest,England
214021379,England,1544,New Zealand,349,1195,3353,46.0,Unique largest,England
214021381,England,1733,New Zealand,269,1464,3805,45.5,Unique largest,England
214021382,England,1746,New Zealand,261,1485,3630,48.1,Unique largest,England
214021383,England,811,Italy,297,514,2589,31.3,Unique largest,England
214021384,England,1242,New Zealand,268,974,3347,37.1,Unique largest,England
214021385,England,1200,New Zealand,229,971,2533,47.4,Unique largest,England
214021591,England,1307,New Zealand,225,1082,2914,44.9,Unique largest,England
214021592,England,996,New Zealand,157,839,2106,47.3,Unique largest,England
215011386,England,136,New Zealand,127,9,924,14.7,Unique largest,England
215011387,England,83,New Zealand,58,25,231,35.9,Unique largest,England
215011388,India,176,England,167,9,1129,15.6,Unique largest,India
215011389,England,63,New Zealand,25,38,159,39.6,Unique largest,England
215011390,England,133,Myanmar,107,26,608,21.9,Unique largest,England
215011391,England,62,Philippines,21,41,181,34.3,Unique largest,England
215011392,England,156,Philippines,111,45,785,19.9,Unique largest,England
215011393,England,64,New Zealand,33,31,172,37.2,Unique largest,England
215011394,England,101,New Zealand,51,50,389,26.0,Unique largest,England
215021395,Italy,106,England,97,9,586,18.1,Unique largest,Italy
215021396,England,43,New Zealand,37,6,275,15.6,Unique largest,England
215021398,Samoa,55,India,38,17,247,22.3,Unique largest,Other
215021399,Malaysia,83,England,79,4,504,16.5,Unique largest,Other
215021469,Malaysia,587,England,247,340,2680,21.9,Unique largest,Other
215021470,India,347,Malaysia,296,51,2663,13.0,Unique largest,India
215031400,England,94,New Zealand,50,44,370,25.4,Unique largest,England
215031401,England,96,Philippines,45,51,353,27.2,Unique largest,England
215031402,England,63,Philippines,25,38,198,31.8,Unique largest,England
215031403,Malaysia,453,Vietnam,195,258,1159,39.1,Unique largest,Other
215031404,India,209,Malaysia,184,25,1413,14.8,Unique largest,India
215031405,Malaysia,155,England,67,88,601,25.8,Unique largest,Other
216011406,England,274,New Zealand,159,115,1213,22.6,Unique largest,England
216011407,England,180,Philippines,130,50,760,23.7,Unique largest,England
216011408,England,51,New Zealand,38,13,180,28.3,Unique largest,England
216011409,England,63,New Zealand,30,33,201,31.3,Unique largest,England
216011410,England,94,New Zealand,44,50,317,29.7,Unique largest,England
216021411,Malaysia,199,England,168,31,1013,19.6,Unique largest,Other
216021412,England,59,New Zealand,37,22,189,31.2,Unique largest,England
216021413,England,213,New Zealand,165,48,894,23.8,Unique largest,England
216021414,England,189,New Zealand,64,125,676,28.0,Unique largest,England
216031415,England,151,India,95,56,881,17.1,Unique largest,England
216031416,India,894,Philippines,287,607,3207,27.9,Unique largest,India
216031418,England,54,New Zealand,54,0,288,18.8,Tie for largest,Tie
216031419,England,159,Italy,150,9,988,16.1,Unique largest,England
216031593,India,351,England,123,228,1305,26.9,Unique largest,India
216031594,Afghanistan,587,India,524,63,3598,16.3,Unique largest,Other
217011420,England,205,New Zealand,144,61,643,31.9,Unique largest,England
217011421,England,205,New Zealand,126,79,771,26.6,Unique largest,England
217011422,England,273,New Zealand,143,130,925,29.5,Unique largest,England
217011423,England,137,New Zealand,99,38,417,32.9,Unique largest,England
217031471,England,64,New Zealand,28,36,205,31.2,Unique largest,England
217031472,England,170,China,161,9,1127,15.1,Unique largest,England
217031473,England,132,New Zealand,66,66,364,36.3,Unique largest,England
217031474,New Zealand,93,England,88,5,339,27.4,Unique largest,New Zealand
217031475,New Zealand,165,England,112,53,523,31.5,Unique largest,New Zealand
217031476,England,187,New Zealand,49,138,547,34.2,Unique largest,England
217041477,New Zealand,130,England,121,9,456,28.5,Unique largest,New Zealand
217041478,England,238,New Zealand,157,81,728,32.7,Unique largest,England
217041479,England,358,New Zealand,233,125,1799,19.9,Unique largest,England
217041480,England,237,New Zealand,148,89,1256,18.9,Unique largest,England
297979799,Philippines,5,Afghanistan,0,5,5,100.0,Unique largest,Philippines
299999499,England,170,New Zealand,157,13,1183,14.4,Unique largest,England
301011001,New Zealand,859,England,660,199,2941,29.2,Unique largest,New Zealand
301011002,New Zealand,273,England,223,50,1543,17.7,Unique largest,New Zealand
301011003,England,848,New Zealand,709,139,3171,26.7,Unique largest,England
301011004,New Zealand,1017,England,771,246,3661,27.8,Unique largest,New Zealand
301011005,England,225,New Zealand,199,26,734,30.7,Unique largest,England
301011006,England,914,New Zealand,583,331,2703,33.8,Unique largest,England
301021007,England,1406,New Zealand,849,557,4268,32.9,Unique largest,England
301021008,England,620,New Zealand,280,340,1739,35.7,Unique largest,England
301021009,England,1041,New Zealand,910,131,3315,31.4,Unique largest,England
301021011,England,482,New Zealand,337,145,1494,32.3,Unique largest,England
301021012,England,1405,New Zealand,989,416,4493,31.3,Unique largest,England
301021013,England,1111,New Zealand,704,407,3003,37.0,Unique largest,England
301021550,England,84,New Zealand,34,50,233,36.1,Unique largest,England
301021551,England,582,New Zealand,582,0,1861,31.3,Tie for largest,Tie
301031014,,0,,0,,0,,No named-country count,No data
301031015,England,593,New Zealand,383,210,1627,36.4,Unique largest,England
301031016,England,569,New Zealand,561,8,2288,24.9,Unique largest,England
301031017,New Zealand,217,England,155,62,1118,19.4,Unique largest,New Zealand
301031018,New Zealand,477,England,292,185,1962,24.3,Unique largest,New Zealand
301031019,New Zealand,464,England,436,28,2549,18.2,Unique largest,New Zealand
301031020,New Zealand,807,England,796,11,2899,27.8,Unique largest,New Zealand
301031021,New Zealand,991,England,642,349,3451,28.7,Unique largest,New Zealand
302011022,New Zealand,323,India,276,47,1818,17.8,Unique largest,New Zealand
302011023,India,625,England,410,215,3164,19.8,Unique largest,India
302011024,India,577,New Zealand,394,183,2909,19.8,Unique largest,India
302011025,New Zealand,261,England,256,5,1856,14.1,Unique largest,New Zealand
302011026,England,294,India,210,84,1762,16.7,Unique largest,England
302021027,New Zealand,557,England,449,108,2951,18.9,Unique largest,New Zealand
302021028,India,494,New Zealand,420,74,3419,14.4,Unique largest,India
302021029,New Zealand,254,India,239,15,1533,16.6,Unique largest,New Zealand
302021030,New Zealand,200,England,109,91,775,25.8,Unique largest,New Zealand
302021031,New Zealand,425,England,394,31,2647,16.1,Unique largest,New Zealand
302021032,England,197,New Zealand,192,5,1202,16.4,Unique largest,England
302021033,New Zealand,211,England,179,32,1143,18.5,Unique largest,New Zealand
302021034,England,331,New Zealand,305,26,1786,18.5,Unique largest,England
302031035,New Zealand,408,India,397,11,2291,17.8,Unique largest,New Zealand
302031036,New Zealand,24,Iran,18,6,75,32.0,Unique largest,New Zealand
302031037,New Zealand,104,England,99,5,609,17.1,Unique largest,New Zealand
302031038,New Zealand,267,Nepal,205,62,1514,17.6,Unique largest,New Zealand
302031039,New Zealand,398,England,325,73,2133,18.7,Unique largest,New Zealand
302031040,New Zealand,549,India,547,2,3519,15.6,Unique largest,New Zealand
302041041,New Zealand,737,India,699,38,3999,18.4,Unique largest,New Zealand
302041042,England,550,New Zealand,369,181,1621,33.9,Unique largest,England
302041043,England,180,New Zealand,159,21,632,28.5,Unique largest,England
302041044,England,387,New Zealand,240,147,1123,34.5,Unique largest,England
302041045,India,1571,New Zealand,600,971,4993,31.5,Unique largest,India
302041046,India,604,New Zealand,365,239,2409,25.1,Unique largest,India
303011047,England,349,New Zealand,332,17,1913,18.2,Unique largest,England
303011048,New Zealand,301,England,254,47,1607,18.7,Unique largest,New Zealand
303011049,New Zealand,462,England,398,64,2504,18.5,Unique largest,New Zealand
303011050,New Zealand,232,England,193,39,1523,15.2,Unique largest,New Zealand
303011051,China,738,New Zealand,495,243,5013,14.7,Unique largest,China
303021052,England,353,New Zealand,349,4,2956,11.9,Unique largest,England
303021053,England,517,New Zealand,471,46,3783,13.7,Unique largest,England
303021054,England,160,New Zealand,110,50,1254,12.8,Unique largest,England
303021055,India,342,New Zealand,307,35,2570,13.3,Unique largest,India
303021056,England,267,New Zealand,233,34,1518,17.6,Unique largest,England
303021057,England,178,New Zealand,168,10,1343,13.3,Unique largest,England
303021058,China,600,New Zealand,267,333,3032,19.8,Unique largest,China
303021059,England,364,New Zealand,265,99,2069,17.6,Unique largest,England
303031060,China,1805,India,1036,769,7559,23.9,Unique largest,China
303031061,China,1023,Taiwan,383,640,3230,31.7,Unique largest,China
303031062,China,394,India,331,63,2817,14.0,Unique largest,China
303031063,New Zealand,456,England,405,51,3697,12.3,Unique largest,New Zealand
303031064,China,1645,India,522,1123,5273,31.2,Unique largest,China
303031065,China,754,India,413,341,3895,19.4,Unique largest,China
303031066,China,752,India,610,142,4321,17.4,Unique largest,China
303041067,India,547,China,370,177,2452,22.3,Unique largest,India
303041068,England,312,New Zealand,308,4,2135,14.6,Unique largest,England
303041069,China,685,India,487,198,2749,24.9,Unique largest,China
303041070,India,246,New Zealand,229,17,1552,15.9,Unique largest,India
303041071,England,330,New Zealand,233,97,1722,19.2,Unique largest,England
303051072,China,523,New Zealand,445,78,3286,15.9,Unique largest,China
303051073,China,3125,India,1226,1899,11839,26.4,Unique largest,China
303051074,India,1352,New Zealand,515,837,4727,28.6,Unique largest,India
303051075,China,1379,India,1069,310,6699,20.6,Unique largest,China
303051076,New Zealand,348,India,307,41,2545,13.7,Unique largest,New Zealand
303061077,India,548,China,462,86,4091,13.4,Unique largest,India
303061078,China,1384,India,1280,104,6958,19.9,Unique largest,China
303061079,China,1503,Taiwan,666,837,4754,31.6,Unique largest,China
303061080,China,2735,Taiwan,1079,1656,8720,31.4,Unique largest,China
304011081,England,310,New Zealand,251,59,2214,14.0,Unique largest,England
304011082,England,273,New Zealand,266,7,2269,12.0,Unique largest,England
304011083,New Zealand,171,England,170,1,1107,15.4,Unique largest,New Zealand
304011084,England,447,New Zealand,286,161,3069,14.6,Unique largest,England
304011085,England,191,China,136,55,1479,12.9,Unique largest,England
304021086,England,861,South Africa,482,379,3255,26.5,Unique largest,England
304021087,England,467,South Africa,359,108,2042,22.9,Unique largest,England
304021088,England,573,China,345,228,3476,16.5,Unique largest,England
304021089,England,259,South Africa,185,74,1327,19.5,Unique largest,England
304021090,England,493,South Africa,344,149,2814,17.5,Unique largest,England
304021091,England,473,South Africa,196,277,1424,33.2,Unique largest,England
304031092,England,405,New Zealand,192,213,1704,23.8,Unique largest,England
304031093,England,234,New Zealand,126,108,1132,20.7,Unique largest,England
304031094,China,935,India,714,221,5138,18.2,Unique largest,China
304031095,England,322,New Zealand,150,172,1504,21.4,Unique largest,England
304031096,China,908,England,362,546,4471,20.3,Unique largest,China
304031097,China,349,England,314,35,2742,12.7,Unique largest,China
304041098,England,258,New Zealand,179,79,1497,17.2,Unique largest,England
304041099,England,4,Afghanistan,0,4,4,100.0,Unique largest,England
304041100,England,245,New Zealand,172,73,1192,20.6,Unique largest,England
304041101,England,304,New Zealand,192,112,1404,21.7,Unique largest,England
304041102,,0,,0,,0,,No named-country count,No data
304041103,England,1059,New Zealand,491,568,3749,28.2,Unique largest,England
304041104,England,552,New Zealand,299,253,2222,24.8,Unique largest,England
305011105,China,1037,South Korea,519,518,5808,17.9,Unique largest,China
305011106,New Zealand,396,England,332,64,3175,12.5,Unique largest,New Zealand
305011107,England,224,Greece,180,44,1849,12.1,Unique largest,England
305011108,England,431,New Zealand,369,62,2750,15.7,Unique largest,England
305011109,England,537,New Zealand,380,157,3033,17.7,Unique largest,England
305011110,China,1689,England,498,1191,6286,26.9,Unique largest,China
305011111,India,587,Brazil,206,381,2679,21.9,Unique largest,India
305011112,England,643,China,541,102,4987,12.9,Unique largest,England
305021113,England,261,New Zealand,173,88,934,27.9,Unique largest,England
305021114,England,511,New Zealand,254,257,1668,30.6,Unique largest,England
305021115,England,227,New Zealand,201,26,1536,14.8,Unique largest,England
305021116,England,269,New Zealand,160,109,965,27.9,Unique largest,England
305021117,England,606,New Zealand,532,74,2974,20.4,Unique largest,England
305021118,England,264,New Zealand,190,74,1230,21.5,Unique largest,England
305031119,England,176,New Zealand,160,16,1012,17.4,Unique largest,England
305031120,England,216,New Zealand,163,53,1171,18.4,Unique largest,England
305031121,New Zealand,227,England,196,31,1239,18.3,Unique largest,New Zealand
305031122,England,372,New Zealand,335,37,2597,14.3,Unique largest,England
305031123,England,189,New Zealand,119,70,704,26.8,Unique largest,England
305031124,England,282,New Zealand,277,5,1706,16.5,Unique largest,England
305031125,England,229,New Zealand,139,90,876,26.1,Unique largest,England
305031126,China,496,India,348,148,3311,15.0,Unique largest,China
305031127,England,187,New Zealand,127,60,1081,17.3,Unique largest,England
305031128,England,806,New Zealand,665,141,4817,16.7,Unique largest,England
305031129,England,157,New Zealand,81,76,713,22.0,Unique largest,England
305031130,England,261,New Zealand,214,47,1613,16.2,Unique largest,England
305031131,New Zealand,368,England,332,36,2579,14.3,Unique largest,New Zealand
305041132,England,584,New Zealand,333,251,2288,25.5,Unique largest,England
305041133,England,224,New Zealand,139,85,1266,17.7,Unique largest,England
305041134,England,506,New Zealand,235,271,1762,28.7,Unique largest,England
305041135,England,516,New Zealand,327,189,2551,20.2,Unique largest,England
305041136,England,226,New Zealand,172,54,1119,20.2,Unique largest,England
305041137,China,737,England,440,297,3712,19.9,Unique largest,China
306011138,England,184,New Zealand,167,17,1020,18.0,Unique largest,England
306011139,England,1113,New Zealand,418,695,3077,36.2,Unique largest,England
306011140,England,183,New Zealand,106,77,628,29.1,Unique largest,England
306011141,England,639,New Zealand,400,239,2783,23.0,Unique largest,England
306011142,England,983,New Zealand,547,436,4009,24.5,Unique largest,England
306011143,England,367,New Zealand,230,137,1241,29.6,Unique largest,England
306021144,New Zealand,231,England,179,52,1164,19.8,Unique largest,New Zealand
306021145,England,468,New Zealand,353,115,3534,13.2,Unique largest,England
306021146,England,269,New Zealand,214,55,1405,19.1,Unique largest,England
306021147,New Zealand,255,England,222,33,1363,18.7,Unique largest,New Zealand
306021148,England,237,New Zealand,171,66,1057,22.4,Unique largest,England
306021149,England,267,New Zealand,260,7,2131,12.5,Unique largest,England
306021150,,0,,0,,0,,No named-country count,No data
306021151,Papua New Guinea,178,New Zealand,173,5,1211,14.7,Unique largest,Other
306021152,New Zealand,156,England,146,10,1167,13.4,Unique largest,New Zealand
306021153,New Zealand,247,England,245,2,1592,15.5,Unique largest,New Zealand
306021154,England,189,New Zealand,177,12,1559,12.1,Unique largest,England
306021155,New Zealand,152,England,129,23,780,19.5,Unique largest,New Zealand
306021156,England,389,New Zealand,246,143,1697,22.9,Unique largest,England
306021157,Philippines,134,New Zealand,124,10,847,15.8,Unique largest,Philippines
306031158,England,107,New Zealand,84,23,447,23.9,Unique largest,England
306031159,India,461,England,134,327,1325,34.8,Unique largest,India
306031160,England,151,New Zealand,124,27,715,21.1,Unique largest,England
306031161,England,367,New Zealand,251,116,1412,26.0,Unique largest,England
306031162,,0,,0,,0,,No named-country count,No data
306031163,,0,,0,,0,,No named-country count,No data
306041164,England,249,New Zealand,190,59,886,28.1,Unique largest,England
306041165,England,380,New Zealand,237,143,1359,28.0,Unique largest,England
306051166,England,327,New Zealand,212,115,1295,25.3,Unique largest,England
306051167,England,181,New Zealand,101,80,538,33.6,Unique largest,England
306051168,England,296,New Zealand,137,159,902,32.8,Unique largest,England
306051169,England,339,New Zealand,235,104,1120,30.3,Unique largest,England
306051170,Italy,371,England,209,162,1772,20.9,Unique largest,Italy
307011171,England,40,New Zealand,40,0,220,18.2,Tie for largest,Tie
307011172,New Zealand,122,England,102,20,619,19.7,Unique largest,New Zealand
307011173,Philippines,70,New Zealand,53,17,369,19.0,Unique largest,Philippines
307011174,New Zealand,47,England,44,3,209,22.5,Unique largest,New Zealand
307011175,Philippines,57,New Zealand,45,12,303,18.8,Unique largest,Philippines
307011176,Philippines,153,New Zealand,103,50,593,25.8,Unique largest,Philippines
307011177,New Zealand,68,England,42,26,209,32.5,Unique largest,New Zealand
307011178,England,85,New Zealand,73,12,274,31.0,Unique largest,England
307021179,England,241,New Zealand,162,79,756,31.9,Unique largest,England
307021180,Brazil,100,England,93,7,524,19.1,Unique largest,Other
307021181,Philippines,93,England,49,44,337,27.6,Unique largest,Philippines
307021182,Philippines,93,England,76,17,360,25.8,Unique largest,Philippines
307021183,Philippines,343,New Zealand,216,127,1195,28.7,Unique largest,Philippines
307031184,England,121,New Zealand,57,64,321,37.7,Unique largest,England
307031185,England,97,New Zealand,70,27,299,32.4,Unique largest,England
307031186,England,136,New Zealand,94,42,412,33.0,Unique largest,England
307031187,England,142,Italy,111,31,685,20.7,Unique largest,England
307031188,England,212,New Zealand,118,94,658,32.2,Unique largest,England
307031189,England,322,New Zealand,233,89,1215,26.5,Unique largest,England
308011190,New Zealand,209,Philippines,70,139,504,41.5,Unique largest,New Zealand
308011191,New Zealand,151,England,133,18,513,29.4,Unique largest,New Zealand
308011192,New Zealand,573,Philippines,249,324,1929,29.7,Unique largest,New Zealand
308031205,Philippines,106,New Zealand,95,11,600,17.7,Unique largest,Philippines
308031206,New Zealand,27,England,25,2,95,28.4,Unique largest,New Zealand
308031207,New Zealand,166,England,165,1,524,31.7,Unique largest,New Zealand
308031208,England,146,New Zealand,135,11,826,17.7,Unique largest,England
308031209,New Zealand,66,England,65,1,260,25.4,Unique largest,New Zealand
308031210,New Zealand,230,England,150,80,880,26.1,Unique largest,New Zealand
308031211,China,126,Philippines,79,47,601,21.0,Unique largest,China
308031212,New Zealand,60,England,54,6,190,31.6,Unique largest,New Zealand
308031213,Philippines,253,India,205,48,1585,16.0,Unique largest,Philippines
308031214,New Zealand,66,Philippines,65,1,350,18.9,Unique largest,New Zealand
308031215,Philippines,165,New Zealand,90,75,719,22.9,Unique largest,Philippines
308031216,England,78,New Zealand,73,5,437,17.8,Unique largest,England
308031217,New Zealand,55,England,47,8,303,18.2,Unique largest,New Zealand
308031218,England,81,New Zealand,73,8,251,32.3,Unique largest,England
308031219,England,109,New Zealand,65,44,323,33.7,Unique largest,England
308031220,New Zealand,34,England,27,7,95,35.8,Unique largest,New Zealand
308031221,,0,,0,,0,,No named-country count,No data
308031222,England,142,India,131,11,927,15.3,Unique largest,England
308031223,England,647,New Zealand,586,61,2238,28.9,Unique largest,England
308041528,New Zealand,81,England,79,2,345,23.5,Unique largest,New Zealand
308041529,China,135,Philippines,96,39,682,19.8,Unique largest,China
308051530,England,234,New Zealand,212,22,756,31.0,Unique largest,England
308051531,New Zealand,430,England,293,137,1343,32.0,Unique largest,New Zealand
308051532,England,4,Afghanistan,0,4,4,100.0,Unique largest,England
308051533,New Zealand,416,Philippines,345,71,1957,21.3,Unique largest,New Zealand
308051534,New Zealand,199,Philippines,180,19,979,20.3,Unique largest,New Zealand
308051535,New Zealand,270,England,210,60,877,30.8,Unique largest,New Zealand
308051536,New Zealand,102,England,66,36,370,27.6,Unique largest,New Zealand
308051537,,0,,0,,0,,No named-country count,No data
308051538,New Zealand,189,England,124,65,712,26.5,Unique largest,New Zealand
308051539,New Zealand,143,England,104,39,690,20.7,Unique largest,New Zealand
309011224,New Zealand,513,England,403,110,2100,24.4,Unique largest,New Zealand
309011225,New Zealand,464,England,393,71,1760,26.4,Unique largest,New Zealand
309011226,New Zealand,843,England,729,114,3020,27.9,Unique largest,New Zealand
309011227,New Zealand,804,England,594,210,3643,22.1,Unique largest,New Zealand
309011228,New Zealand,767,England,629,138,3328,23.0,Unique largest,New Zealand
309011229,New Zealand,381,England,284,97,1470,25.9,Unique largest,New Zealand
309021230,New Zealand,279,England,255,24,1165,23.9,Unique largest,New Zealand
309021231,New Zealand,551,England,411,140,2037,27.0,Unique largest,New Zealand
309021232,England,452,New Zealand,418,34,1564,28.9,Unique largest,England
309021233,England,635,New Zealand,561,74,2111,30.1,Unique largest,England
309021234,New Zealand,697,England,628,69,2592,26.9,Unique largest,New Zealand
309031235,New Zealand,899,England,589,310,3761,23.9,Unique largest,New Zealand
309031236,New Zealand,766,England,483,283,3137,24.4,Unique largest,New Zealand
309031237,New Zealand,932,England,750,182,2969,31.4,Unique largest,New Zealand
309031238,New Zealand,1520,England,820,700,5357,28.4,Unique largest,New Zealand
309031239,New Zealand,645,England,640,5,2317,27.8,Unique largest,New Zealand
309031240,New Zealand,648,England,626,22,2484,26.1,Unique largest,New Zealand
309041241,New Zealand,258,England,245,13,822,31.4,Unique largest,New Zealand
309041242,England,1151,New Zealand,765,386,3147,36.6,Unique largest,England
309051243,England,401,New Zealand,294,107,1276,31.4,Unique largest,England
309051244,England,1255,New Zealand,1139,116,4653,27.0,Unique largest,England
309051245,New Zealand,513,England,474,39,2088,24.6,Unique largest,New Zealand
309061246,New Zealand,941,England,656,285,3379,27.8,Unique largest,New Zealand
309061247,New Zealand,659,England,422,237,1891,34.8,Unique largest,New Zealand
309061248,New Zealand,1537,England,957,580,4545,33.8,Unique largest,New Zealand
309061249,New Zealand,1794,England,900,894,5325,33.7,Unique largest,New Zealand
309061250,New Zealand,536,England,509,27,1813,29.6,Unique largest,New Zealand
309071251,New Zealand,2006,England,907,1099,5508,36.4,Unique largest,New Zealand
309071252,New Zealand,1455,England,1452,3,5693,25.6,Unique largest,New Zealand
309071253,England,1208,New Zealand,1070,138,4698,25.7,Unique largest,England
309071254,New Zealand,310,England,174,136,729,42.5,Unique largest,New Zealand
309071256,New Zealand,1634,England,1056,578,4678,34.9,Unique largest,New Zealand
309071552,New Zealand,1057,England,445,612,2303,45.9,Unique largest,New Zealand
309071553,New Zealand,889,England,611,278,2499,35.6,Unique largest,New Zealand
309071554,New Zealand,977,India,481,496,3009,32.5,Unique largest,New Zealand
309071555,New Zealand,1232,India,335,897,2759,44.7,Unique largest,New Zealand
309071556,New Zealand,1008,England,779,229,2964,34.0,Unique largest,New Zealand
309071557,New Zealand,2340,England,824,1516,5396,43.4,Unique largest,New Zealand
309071558,New Zealand,665,England,280,385,1635,40.7,Unique largest,New Zealand
309081259,China,258,England,253,5,1503,17.2,Unique largest,China
309081260,New Zealand,532,England,304,228,1943,27.4,Unique largest,New Zealand
309081262,New Zealand,1048,England,694,354,5019,20.9,Unique largest,New Zealand
309081559,New Zealand,1103,England,987,116,5168,21.3,Unique largest,New Zealand
309081560,New Zealand,601,England,546,55,2762,21.8,Unique largest,New Zealand
309091263,New Zealand,924,England,575,349,3255,28.4,Unique largest,New Zealand
309091264,New Zealand,441,China,294,147,2065,21.4,Unique largest,New Zealand
309091265,New Zealand,737,England,335,402,2531,29.1,Unique largest,New Zealand
309091540,New Zealand,1068,China,619,449,6188,17.3,Unique largest,New Zealand
309091541,New Zealand,1110,England,776,334,6183,18.0,Unique largest,New Zealand
309101267,New Zealand,586,England,450,136,3277,17.9,Unique largest,New Zealand
309101268,New Zealand,290,England,205,85,1353,21.4,Unique largest,New Zealand
309101269,New Zealand,238,England,193,45,941,25.3,Unique largest,New Zealand
309101561,New Zealand,777,England,544,233,4163,18.7,Unique largest,New Zealand
309101562,New Zealand,805,Brazil,664,141,4746,17.0,Unique largest,New Zealand
310011271,Vietnam,609,New Zealand,155,454,1643,37.1,Unique largest,Vietnam
310011272,Vietnam,1184,New Zealand,270,914,3269,36.2,Unique largest,Vietnam
310011274,Vietnam,3553,New Zealand,713,2840,6954,51.1,Unique largest,Vietnam
310011275,England,301,Vietnam,296,5,2192,13.7,Unique largest,England
310011276,New Zealand,315,Vietnam,211,104,1101,28.6,Unique largest,New Zealand
310011563,Vietnam,805,India,551,254,3401,23.7,Unique largest,Vietnam
310011564,New Zealand,1405,Vietnam,1118,287,7778,18.1,Unique largest,New Zealand
310021277,England,390,New Zealand,217,173,1066,36.6,Unique largest,England
310021278,England,235,New Zealand,152,83,644,36.5,Unique largest,England
310021279,,0,,0,,0,,No named-country count,No data
310021280,England,731,New Zealand,571,160,2228,32.8,Unique largest,England
310021281,England,452,New Zealand,432,20,1482,30.5,Unique largest,England
310021282,England,364,New Zealand,329,35,1165,31.2,Unique largest,England
310031283,New Zealand,368,England,289,79,1251,29.4,Unique largest,New Zealand
310031284,New Zealand,390,England,244,146,1336,29.2,Unique largest,New Zealand
310031285,New Zealand,165,England,140,25,624,26.4,Unique largest,New Zealand
310031286,New Zealand,194,England,176,18,806,24.1,Unique largest,New Zealand
310031287,New Zealand,602,England,482,120,2135,28.2,Unique largest,New Zealand
310031288,England,175,New Zealand,95,80,499,35.1,Unique largest,England
310031289,England,344,New Zealand,216,128,1032,33.3,Unique largest,England
310031290,England,384,New Zealand,213,171,1184,32.4,Unique largest,England
310031291,New Zealand,270,England,178,92,855,31.6,Unique largest,New Zealand
310031292,New Zealand,196,England,176,20,689,28.4,Unique largest,New Zealand
310031293,New Zealand,437,England,369,68,1660,26.3,Unique largest,New Zealand
310031294,New Zealand,556,India,454,102,2089,26.6,Unique largest,New Zealand
310031295,New Zealand,146,Samoa,77,69,543,26.9,Unique largest,New Zealand
310041297,New Zealand,527,England,444,83,1988,26.5,Unique largest,New Zealand
310041298,Philippines,4,Afghanistan,0,4,4,100.0,Unique largest,Philippines
310041299,New Zealand,1055,England,348,707,3082,34.2,Unique largest,New Zealand
310041300,New Zealand,851,Samoa,399,452,2946,28.9,Unique largest,New Zealand
310041301,,0,,0,,0,,No named-country count,No data
310041302,New Zealand,2405,Samoa,640,1765,5532,43.5,Unique largest,New Zealand
310041303,New Zealand,569,England,254,315,1921,29.6,Unique largest,New Zealand
310041304,India,1919,New Zealand,1702,217,7950,24.1,Unique largest,India
310041565,India,568,New Zealand,490,78,2674,21.2,Unique largest,India
310041566,New Zealand,714,India,350,364,2365,30.2,Unique largest,New Zealand
311011305,New Zealand,518,England,510,8,1642,31.5,Unique largest,New Zealand
311021306,New Zealand,651,England,234,417,1667,39.1,Unique largest,New Zealand
311021307,New Zealand,1170,England,571,599,3135,37.3,Unique largest,New Zealand
311021308,New Zealand,800,England,281,519,2391,33.5,Unique largest,New Zealand
311021309,New Zealand,417,England,285,132,1166,35.8,Unique largest,New Zealand
311021310,New Zealand,692,England,442,250,1891,36.6,Unique largest,New Zealand
311031311,New Zealand,1441,India,908,533,5206,27.7,Unique largest,New Zealand
311031312,New Zealand,644,India,204,440,2429,26.5,Unique largest,New Zealand
311031313,New Zealand,747,England,263,484,2266,33.0,Unique largest,New Zealand
311031314,New Zealand,1077,England,243,834,2658,40.5,Unique largest,New Zealand
311031315,,0,,0,,0,,No named-country count,No data
311031316,New Zealand,552,England,293,259,2409,22.9,Unique largest,New Zealand
311031317,New Zealand,1553,Afghanistan,368,1185,4704,33.0,Unique largest,New Zealand
311031318,New Zealand,224,England,207,17,824,27.2,Unique largest,New Zealand
311031319,New Zealand,1234,India,466,768,4182,29.5,Unique largest,New Zealand
311041322,England,449,New Zealand,419,30,1385,32.4,Unique largest,England
311041567,New Zealand,358,England,239,119,868,41.2,Unique largest,New Zealand
311041568,New Zealand,529,England,414,115,1775,29.8,Unique largest,New Zealand
311041569,New Zealand,388,England,297,91,1363,28.5,Unique largest,New Zealand
311041570,New Zealand,835,England,828,7,2666,31.3,Unique largest,New Zealand
311041571,New Zealand,812,England,217,595,1803,45.0,Unique largest,New Zealand
311051323,New Zealand,979,England,570,409,3019,32.4,Unique largest,New Zealand
311051324,England,563,New Zealand,463,100,1946,28.9,Unique largest,England
311051325,New Zealand,933,England,406,527,2555,36.5,Unique largest,New Zealand
311051326,New Zealand,956,Afghanistan,291,665,3451,27.7,Unique largest,New Zealand
311051327,New Zealand,817,England,616,201,3091,26.4,Unique largest,New Zealand
311051328,New Zealand,639,England,244,395,2065,30.9,Unique largest,New Zealand
311061329,New Zealand,417,England,350,67,1990,21.0,Unique largest,New Zealand
311061330,New Zealand,758,Myanmar,256,502,2721,27.9,Unique largest,New Zealand
311061331,Myanmar,489,New Zealand,471,18,2160,22.6,Unique largest,Other
311061332,New Zealand,795,England,455,340,3672,21.7,Unique largest,New Zealand
311061333,New Zealand,816,England,255,561,2702,30.2,Unique largest,New Zealand
311061334,New Zealand,763,England,379,384,2717,28.1,Unique largest,New Zealand
311061335,India,451,China,280,171,2822,16.0,Unique largest,India
311061336,New Zealand,894,Myanmar,504,390,4044,22.1,Unique largest,New Zealand
312011337,New Zealand,247,England,220,27,1239,19.9,Unique largest,New Zealand
312011338,New Zealand,241,Philippines,86,155,669,36.0,Unique largest,New Zealand
312011339,New Zealand,63,Philippines,43,20,220,28.6,Unique largest,New Zealand
312011340,Philippines,63,New Zealand,62,1,289,21.8,Unique largest,Philippines
312011341,New Zealand,352,Philippines,213,139,1053,33.4,Unique largest,New Zealand
312021342,New Zealand,367,England,297,70,1766,20.8,Unique largest,New Zealand
312021343,New Zealand,76,Philippines,68,8,459,16.6,Unique largest,New Zealand
312021344,New Zealand,401,England,366,35,1749,22.9,Unique largest,New Zealand
312021345,,0,,0,,0,,No named-country count,No data
312021346,Philippines,241,New Zealand,117,124,875,27.5,Unique largest,Philippines
312021347,New Zealand,32,England,18,14,81,39.5,Unique largest,New Zealand
312021348,England,245,New Zealand,241,4,1610,15.2,Unique largest,England
312021349,New Zealand,133,Philippines,126,7,701,19.0,Unique largest,New Zealand
312021350,Philippines,253,New Zealand,117,136,793,31.9,Unique largest,Philippines
312021351,New Zealand,169,England,96,73,460,36.7,Unique largest,New Zealand
312021352,New Zealand,228,England,148,80,752,30.3,Unique largest,New Zealand
312021353,New Zealand,168,England,157,11,620,27.1,Unique largest,New Zealand
312021354,New Zealand,273,England,222,51,843,32.4,Unique largest,New Zealand
312021355,New Zealand,86,England,72,14,340,25.3,Unique largest,New Zealand
312021356,Philippines,329,New Zealand,180,149,948,34.7,Unique largest,Philippines
312021357,New Zealand,128,England,103,25,458,27.9,Unique largest,New Zealand
312021358,Philippines,257,New Zealand,117,140,848,30.3,Unique largest,Philippines
312031359,England,690,New Zealand,609,81,2843,24.3,Unique largest,England
312031360,,0,,0,,0,,No named-country count,No data
312031361,England,271,New Zealand,207,64,874,31.0,Unique largest,England
313011362,England,1067,New Zealand,707,360,2695,39.6,Unique largest,England
313011363,England,1664,New Zealand,979,685,4226,39.4,Unique largest,England
313021364,New Zealand,335,England,324,11,1126,29.8,Unique largest,New Zealand
313021366,New Zealand,1130,England,809,321,3851,29.3,Unique largest,New Zealand
313021367,England,182,New Zealand,138,44,541,33.6,Unique largest,England
313021368,New Zealand,596,England,351,245,1890,31.5,Unique largest,New Zealand
313021369,England,167,New Zealand,138,29,560,29.8,Unique largest,England
313021572,New Zealand,746,England,542,204,3023,24.7,Unique largest,New Zealand
313021573,New Zealand,457,England,426,31,1749,26.1,Unique largest,New Zealand
313031370,Philippines,538,England,164,374,1009,53.3,Unique largest,Philippines
313031371,New Zealand,299,England,297,2,1006,29.7,Unique largest,New Zealand
313041372,New Zealand,719,England,662,57,2491,28.9,Unique largest,New Zealand
313041373,New Zealand,1390,England,959,431,3972,35.0,Unique largest,New Zealand
313041374,England,290,New Zealand,240,50,958,30.3,Unique largest,England
313041375,England,1093,New Zealand,1041,52,3703,29.5,Unique largest,England
313041376,England,155,New Zealand,94,61,428,36.2,Unique largest,England
313051377,New Zealand,451,England,437,14,1543,29.2,Unique largest,New Zealand
313051378,New Zealand,704,England,703,1,2351,29.9,Unique largest,New Zealand
313051379,England,668,New Zealand,654,14,2308,28.9,Unique largest,England
313051380,New Zealand,1041,England,898,143,3467,30.0,Unique largest,New Zealand
313051574,New Zealand,16,Philippines,12,4,58,27.6,Unique largest,New Zealand
313051575,England,1211,New Zealand,822,389,3625,33.4,Unique largest,England
314011382,England,814,New Zealand,523,291,3083,26.4,Unique largest,England
314011383,England,843,New Zealand,697,146,3685,22.9,Unique largest,England
314011384,England,517,New Zealand,237,280,1305,39.6,Unique largest,England
314011385,England,408,New Zealand,255,153,1413,28.9,Unique largest,England
314011386,England,932,New Zealand,687,245,3596,25.9,Unique largest,England
314011387,England,944,New Zealand,325,619,2259,41.8,Unique largest,England
314021389,New Zealand,1360,India,1040,320,5664,24.0,Unique largest,New Zealand
314021576,New Zealand,364,England,159,205,1091,33.4,Unique largest,New Zealand
314021577,New Zealand,1347,England,738,609,3922,34.3,Unique largest,New Zealand
314021578,India,1143,New Zealand,996,147,5138,22.2,Unique largest,India
314021579,New Zealand,1641,England,1459,182,7301,22.5,Unique largest,New Zealand
314031391,New Zealand,458,England,275,183,1779,25.7,Unique largest,New Zealand
314031392,New Zealand,341,England,231,110,1225,27.8,Unique largest,New Zealand
314031393,New Zealand,422,England,419,3,1508,28.0,Unique largest,New Zealand
314031394,New Zealand,783,England,399,384,3082,25.4,Unique largest,New Zealand
315011395,England,7,Indonesia,3,4,16,43.8,Unique largest,England
315011396,England,122,New Zealand,117,5,578,21.1,Unique largest,England
315011397,New Zealand,19,England,15,4,44,43.2,Unique largest,New Zealand
315011398,New Zealand,12,South Africa,8,4,26,46.2,Unique largest,New Zealand
315011399,New Zealand,22,Papua New Guinea,10,12,54,40.7,Unique largest,New Zealand
315011400,England,142,New Zealand,126,16,714,19.9,Unique largest,England
315011401,New Zealand,50,Papua New Guinea,48,2,238,21.0,Unique largest,New Zealand
315011402,Papua New Guinea,105,New Zealand,10,95,128,82.0,Unique largest,Other
315011403,New Zealand,85,England,58,27,378,22.5,Unique largest,New Zealand
315021404,New Zealand,37,England,34,3,196,18.9,Unique largest,New Zealand
315021405,New Zealand,781,Philippines,498,283,2744,28.5,Unique largest,New Zealand
315021406,New Zealand,79,England,51,28,321,24.6,Unique largest,New Zealand
315021407,New Zealand,33,England,30,3,123,26.8,Unique largest,New Zealand
315031408,New Zealand,73,England,34,39,212,34.4,Unique largest,New Zealand
315031409,Vietnam,128,New Zealand,47,81,302,42.4,Unique largest,Vietnam
315031410,England,31,New Zealand,25,6,102,30.4,Unique largest,England
315031411,New Zealand,31,England,25,6,111,27.9,Unique largest,New Zealand
315031412,New Zealand,73,England,53,20,223,32.7,Unique largest,New Zealand
316011413,England,1259,New Zealand,735,524,3706,34.0,Unique largest,England
316011414,England,1253,New Zealand,799,454,3907,32.1,Unique largest,England
316011415,England,746,New Zealand,667,79,2683,27.8,Unique largest,England
316011416,England,675,New Zealand,505,170,2642,25.5,Unique largest,England
316021417,England,521,New Zealand,416,105,1565,33.3,Unique largest,England
316021418,New Zealand,350,England,297,53,1250,28.0,Unique largest,New Zealand
316021419,England,356,New Zealand,343,13,1380,25.8,Unique largest,England
316021421,England,961,New Zealand,573,388,2535,37.9,Unique largest,England
316021422,England,409,New Zealand,319,90,1306,31.3,Unique largest,England
316021423,England,555,New Zealand,444,111,1860,29.8,Unique largest,England
316021424,England,503,New Zealand,450,53,1914,26.3,Unique largest,England
316021580,New Zealand,883,England,872,11,3310,26.7,Unique largest,New Zealand
316021581,England,1015,New Zealand,663,352,2872,35.3,Unique largest,England
316031425,England,876,New Zealand,579,297,2686,32.6,Unique largest,England
316031426,England,655,New Zealand,499,156,2098,31.2,Unique largest,England
316031427,England,1178,New Zealand,1081,97,5116,23.0,Unique largest,England
316031428,New Zealand,691,England,628,63,2697,25.6,Unique largest,New Zealand
316051434,England,390,New Zealand,203,187,1308,29.8,Unique largest,England
316051435,England,887,New Zealand,460,427,2397,37.0,Unique largest,England
316051437,England,512,New Zealand,295,217,1581,32.4,Unique largest,England
316051438,England,837,New Zealand,442,395,2216,37.8,Unique largest,England
316051543,England,286,New Zealand,147,139,859,33.3,Unique largest,England
316051544,England,917,New Zealand,431,486,2570,35.7,Unique largest,England
316061439,England,412,New Zealand,369,43,1325,31.1,Unique largest,England
316061440,England,628,New Zealand,260,368,1635,38.4,Unique largest,England
316061441,England,354,New Zealand,238,116,953,37.1,Unique largest,England
316061442,England,938,New Zealand,665,273,2803,33.5,Unique largest,England
316061443,England,429,New Zealand,202,227,1145,37.5,Unique largest,England
316061444,England,764,New Zealand,410,354,1961,39.0,Unique largest,England
316071545,England,578,New Zealand,408,170,1748,33.1,Unique largest,England
316071546,England,275,New Zealand,166,109,735,37.4,Unique largest,England
316071547,England,747,New Zealand,414,333,1977,37.8,Unique largest,England
316071548,England,1007,New Zealand,851,156,3405,29.6,Unique largest,England
316081549,England,1670,New Zealand,868,802,4244,39.3,Unique largest,England
317011445,England,129,New Zealand,117,12,515,25.0,Unique largest,England
317011446,India,874,Nepal,430,444,3464,25.2,Unique largest,India
317011447,Iraq,319,England,161,158,1423,22.4,Unique largest,Iraq
317011448,India,330,Taiwan,301,29,1897,17.4,Unique largest,India
317011449,New Zealand,128,England,110,18,428,29.9,Unique largest,New Zealand
317011450,England,369,New Zealand,247,122,1472,25.1,Unique largest,England
317011451,England,268,New Zealand,234,34,1016,26.4,Unique largest,England
317011452,India,212,England,180,32,1311,16.2,Unique largest,India
317011453,Iraq,393,England,157,236,1442,27.3,Unique largest,Iraq
317011454,Iraq,258,England,125,133,794,32.5,Unique largest,Iraq
317011455,England,194,New Zealand,111,83,1171,16.6,Unique largest,England
317011456,Iraq,354,England,247,107,2141,16.5,Unique largest,Iraq
317011457,England,280,New Zealand,177,103,1408,19.9,Unique largest,England
317011458,Philippines,260,England,229,31,1596,16.3,Unique largest,Philippines
317011459,Iraq,276,England,269,7,1513,18.2,Unique largest,Iraq
318011460,Italy,151,England,108,43,734,20.6,Unique largest,Italy
318011461,Italy,96,England,88,8,507,18.9,Unique largest,Italy
318011462,New Zealand,127,England,96,31,501,25.3,Unique largest,New Zealand
318011463,New Zealand,52,England,35,17,156,33.3,Unique largest,New Zealand
318011464,Italy,142,Philippines,48,94,382,37.2,Unique largest,Italy
318011465,England,121,Italy,107,14,520,23.3,Unique largest,England
318011466,New Zealand,5,United States,5,0,21,23.8,Tie for largest,Tie
318021467,India,89,New Zealand,87,2,662,13.4,Unique largest,India
318021468,England,251,India,188,63,1494,16.8,Unique largest,England
318021469,England,140,New Zealand,82,58,469,29.9,Unique largest,England
318021470,England,230,New Zealand,157,73,975,23.6,Unique largest,England
318021471,England,221,New Zealand,215,6,951,23.2,Unique largest,England
318021472,Philippines,182,England,125,57,916,19.9,Unique largest,Philippines
318021474,India,453,England,174,279,1720,26.3,Unique largest,India
318021475,New Zealand,184,England,148,36,820,22.4,Unique largest,New Zealand
318021476,Philippines,139,New Zealand,122,17,703,19.8,Unique largest,Philippines
318021477,New Zealand,87,Philippines,77,10,401,21.7,Unique largest,New Zealand
318021478,New Zealand,136,England,125,11,682,19.9,Unique largest,New Zealand
318021479,Philippines,116,New Zealand,103,13,627,18.5,Unique largest,Philippines
318021480,New Zealand,219,England,213,6,799,27.4,Unique largest,New Zealand
318021481,England,165,New Zealand,150,15,842,19.6,Unique largest,England
318021482,England,332,New Zealand,331,1,1653,20.1,Unique largest,England
318021483,England,216,New Zealand,83,133,543,39.8,Unique largest,England
318021484,New Zealand,220,England,193,27,1161,18.9,Unique largest,New Zealand
318021485,England,106,New Zealand,76,30,461,23.0,Unique largest,England
318021486,England,207,New Zealand,150,57,639,32.4,Unique largest,England
318021487,England,188,New Zealand,132,56,1062,17.7,Unique largest,England
318021488,England,159,New Zealand,133,26,629,25.3,Unique largest,England
318021489,England,133,New Zealand,68,65,406,32.8,Unique largest,England
318021490,England,388,New Zealand,261,127,1906,20.4,Unique largest,England
318021491,New Zealand,103,England,94,9,440,23.4,Unique largest,New Zealand
318021582,England,490,New Zealand,450,40,1859,26.4,Unique largest,England
318021583,New Zealand,130,England,105,25,476,27.3,Unique largest,New Zealand
319011492,England,140,New Zealand,91,49,683,20.5,Unique largest,England
319011493,England,966,New Zealand,542,424,2833,34.1,Unique largest,England
319011494,England,125,New Zealand,69,56,489,25.6,Unique largest,England
319011495,England,156,Philippines,124,32,1143,13.6,Unique largest,England
319011496,England,118,New Zealand,101,17,628,18.8,Unique largest,England
319011497,England,238,New Zealand,117,121,794,30.0,Unique largest,England
319011498,England,347,New Zealand,195,152,982,35.3,Unique largest,England
319011499,England,442,New Zealand,276,166,1295,34.1,Unique largest,England
319011500,England,182,New Zealand,129,53,755,24.1,Unique largest,England
319011501,England,115,New Zealand,113,2,494,23.3,Unique largest,England
319011502,England,233,New Zealand,169,64,937,24.9,Unique largest,England
319021503,England,131,Nepal,113,18,651,20.1,Unique largest,England
319021504,England,205,New Zealand,136,69,573,35.8,Unique largest,England
319021505,England,183,New Zealand,181,2,975,18.8,Unique largest,England
319021506,England,190,New Zealand,135,55,641,29.6,Unique largest,England
319021507,England,70,New Zealand,56,14,244,28.7,Unique largest,England
319021508,England,61,Philippines,54,7,233,26.2,Unique largest,England
319021509,England,389,New Zealand,275,114,1021,38.1,Unique largest,England
319021510,,0,,0,,0,,No named-country count,No data
319031511,England,362,New Zealand,181,181,877,41.3,Unique largest,England
319031512,England,402,New Zealand,351,51,1467,27.4,Unique largest,England
319031513,England,196,New Zealand,149,47,701,28.0,Unique largest,England
319031514,England,783,New Zealand,558,225,2287,34.2,Unique largest,England
319031515,England,109,New Zealand,78,31,320,34.1,Unique largest,England
319041516,England,283,New Zealand,204,79,848,33.4,Unique largest,England
319041517,England,302,New Zealand,189,113,858,35.2,Unique largest,England
319041518,England,1021,New Zealand,547,474,3015,33.9,Unique largest,England
319041519,England,358,New Zealand,184,174,867,41.3,Unique largest,England
319041520,England,779,New Zealand,588,191,2531,30.8,Unique largest,England
319041521,England,839,New Zealand,526,313,2326,36.1,Unique largest,England
319051522,England,494,New Zealand,339,155,1352,36.5,Unique largest,England
319051523,England,76,New Zealand,41,35,218,34.9,Unique largest,England
319051524,England,470,New Zealand,334,136,1540,30.5,Unique largest,England
319051525,England,394,New Zealand,278,116,1059,37.2,Unique largest,England
319051526,England,196,New Zealand,138,58,569,34.4,Unique largest,England
397979799,Philippines,16,Italy,3,13,19,84.2,Unique largest,Philippines
399999499,England,657,New Zealand,565,92,2485,26.4,Unique largest,England
401011001,China,2865,India,681,2184,8622,33.2,Unique largest,China
401011002,England,341,India,168,173,1704,20.0,Unique largest,England
401021003,England,619,New Zealand,52,567,976,63.4,Unique largest,England
401021004,England,1402,Germany,191,1211,2917,48.1,Unique largest,England
401021005,England,328,Germany,61,267,698,47.0,Unique largest,England
401021006,England,510,New Zealand,77,433,1067,47.8,Unique largest,England
401021007,England,1350,South Africa,271,1079,3379,40.0,Unique largest,England
401021008,England,452,New Zealand,57,395,783,57.7,Unique largest,England
401021009,England,288,New Zealand,45,243,580,49.7,Unique largest,England
401021010,England,354,China,93,261,1113,31.8,Unique largest,England
401031011,China,1138,England,867,271,5716,19.9,Unique largest,China
401031012,China,768,England,474,294,3430,22.4,Unique largest,China
401031013,China,925,England,720,205,4690,19.7,Unique largest,China
401041014,Italy,452,England,405,47,2378,19.0,Unique largest,Italy
401041015,Italy,1357,India,1337,20,7392,18.4,Unique largest,Italy
401041016,China,1584,Italy,1235,349,8432,18.8,Unique largest,China
401051017,England,542,China,409,133,3051,17.8,Unique largest,England
401051018,Italy,751,China,742,9,4148,18.1,Unique largest,Italy
401051019,England,550,China,436,114,3433,16.0,Unique largest,England
401061020,India,411,England,261,150,1647,25.0,Unique largest,India
401061021,India,891,England,503,388,4229,21.1,Unique largest,India
401061022,England,375,India,276,99,2128,17.6,Unique largest,England
401071023,England,790,India,377,413,3752,21.1,Unique largest,England
401071024,England,906,China,735,171,5051,17.9,Unique largest,England
402011025,England,673,Scotland,77,596,1175,57.3,Unique largest,England
402011026,England,2044,Scotland,181,1863,3500,58.4,Unique largest,England
402011027,England,374,New Zealand,55,319,769,48.6,Unique largest,England
402021028,England,1584,Philippines,231,1353,3347,47.3,Unique largest,England
402021029,England,814,Afghanistan,247,567,2500,32.6,Unique largest,England
402021030,England,673,Nepal,354,319,2452,27.4,Unique largest,England
402021031,England,1081,Afghanistan,425,656,3089,35.0,Unique largest,England
402021032,England,723,India,196,527,2126,34.0,Unique largest,England
402021033,England,284,Scotland,37,247,462,61.5,Unique largest,England
402021034,England,855,Afghanistan,130,725,1931,44.3,Unique largest,England
402021035,England,339,Vietnam,338,1,1367,24.8,Unique largest,England
402031036,India,2942,Afghanistan,1726,1216,10308,28.5,Unique largest,India
402031038,India,3106,China,1005,2101,8313,37.4,Unique largest,India
402031175,India,1748,China,877,871,6473,27.0,Unique largest,India
402031176,India,974,England,356,618,3382,28.8,Unique largest,India
402041039,,0,,0,,0,,No named-country count,No data
402041040,India,1111,England,807,304,4632,24.0,Unique largest,India
402041041,England,1058,India,674,384,4072,26.0,Unique largest,England
402041042,,0,,0,,0,,No named-country count,No data
402041043,India,1515,Vietnam,933,582,6662,22.7,Unique largest,India
402041044,England,667,Vietnam,588,79,4475,14.9,Unique largest,England
402041046,England,827,Afghanistan,615,212,5915,14.0,Unique largest,England
402041047,England,1603,Afghanistan,315,1288,4427,36.2,Unique largest,England
402041048,England,597,Vietnam,569,28,4274,14.0,Unique largest,England
402041171,India,1169,England,501,668,5080,23.0,Unique largest,India
402041172,India,540,Vietnam,470,70,2769,19.5,Unique largest,India
402051049,England,1137,Scotland,135,1002,2283,49.8,Unique largest,England
402051050,England,807,Scotland,88,719,1546,52.2,Unique largest,England
402051051,England,551,Italy,289,262,2455,22.4,Unique largest,England
402051052,India,1294,England,1048,246,5148,25.1,Unique largest,India
402051053,England,1600,India,695,905,4636,34.5,Unique largest,England
402051054,England,1388,Scotland,138,1250,2762,50.3,Unique largest,England
402051055,England,1054,India,254,800,2692,39.2,Unique largest,England
403011056,England,1344,Scotland,188,1156,3111,43.2,Unique largest,England
403011057,England,1415,India,327,1088,4263,33.2,Unique largest,England
403021058,India,616,China,577,39,4165,14.8,Unique largest,India
403021059,England,1672,South Africa,270,1402,3789,44.1,Unique largest,England
403021060,England,808,India,122,686,2206,36.6,Unique largest,England
403021061,India,758,England,600,158,4711,16.1,Unique largest,India
403021062,England,696,India,513,183,3722,18.7,Unique largest,England
403021063,England,819,India,176,643,2139,38.3,Unique largest,England
403021064,England,837,China,538,299,4165,20.1,Unique largest,England
403031065,England,409,China,55,354,965,42.4,Unique largest,England
403031066,England,454,China,207,247,2052,22.1,Unique largest,England
403031067,England,1118,South Africa,128,990,2520,44.4,Unique largest,England
403031068,England,531,China,344,187,2815,18.9,Unique largest,England
403031069,England,780,China,401,379,3207,24.3,Unique largest,England
403031070,India,315,England,310,5,2232,14.1,Unique largest,India
403041071,England,1047,India,121,926,2318,45.2,Unique largest,England
403041072,England,1724,New Zealand,186,1538,2897,59.5,Unique largest,England
403041073,England,810,New Zealand,95,715,1691,47.9,Unique largest,England
403041074,England,1271,Scotland,181,1090,2447,51.9,Unique largest,England
403041075,England,233,New Zealand,33,200,405,57.5,Unique largest,England
403041076,England,424,Germany,39,385,786,53.9,Unique largest,England
403041077,England,1009,China,195,814,2710,37.2,Unique largest,England
403041078,England,614,Philippines,69,545,1162,52.8,Unique largest,England
403041079,England,583,Philippines,86,497,1237,47.1,Unique largest,England
403041080,England,1129,Scotland,122,1007,2361,47.8,Unique largest,England
403041081,,0,,0,,0,,No named-country count,No data
403041082,South Africa,5,Afghanistan,0,5,5,100.0,Unique largest,Other
403041083,England,933,Scotland,95,838,1602,58.2,Unique largest,England
403041084,England,1176,New Zealand,152,1024,2635,44.6,Unique largest,England
403041085,England,773,New Zealand,117,656,1837,42.1,Unique largest,England
403041086,England,733,India,114,619,1887,38.8,Unique largest,England
403041088,England,404,Scotland,42,362,643,62.8,Unique largest,England
403041089,England,1031,India,147,884,2248,45.9,Unique largest,England
403041177,England,1572,New Zealand,166,1406,2805,56.0,Unique largest,England
403041178,England,1513,Scotland,180,1333,2469,61.3,Unique largest,England
404011090,India,549,England,202,347,2058,26.7,Unique largest,India
404011091,India,914,Italy,735,179,4185,21.8,Unique largest,India
404011092,England,754,Italy,444,310,3347,22.5,Unique largest,England
404011093,England,566,India,529,37,4857,11.7,Unique largest,England
404011094,India,184,England,174,10,1298,14.2,Unique largest,India
404011095,England,716,Italy,666,50,3897,18.4,Unique largest,England
404011096,England,889,Italy,229,660,3049,29.2,Unique largest,England
404011097,Vietnam,1620,India,895,725,5934,27.3,Unique largest,Vietnam
404021098,,0,,0,,0,,No named-country count,No data
404021099,England,987,New Zealand,166,821,2411,40.9,Unique largest,England
404021100,England,988,Philippines,156,832,2379,41.5,Unique largest,England
404021101,Vietnam,628,England,372,256,2800,22.4,Unique largest,Vietnam
404021102,Vietnam,3015,India,1512,1503,8343,36.1,Unique largest,Vietnam
404021103,,0,,0,,0,,No named-country count,No data
404031104,,0,,0,,0,,No named-country count,No data
404031105,England,128,Italy,88,40,567,22.6,Unique largest,England
404031106,India,944,England,380,564,3720,25.4,Unique largest,India
404031107,India,1708,Nepal,1007,701,8058,21.2,Unique largest,India
404031108,India,879,Greece,640,239,4820,18.2,Unique largest,India
404031109,England,321,India,97,224,1037,31.0,Unique largest,England
405011110,England,361,New Zealand,55,306,686,52.6,Unique largest,England
405011111,England,585,New Zealand,54,531,964,60.7,Unique largest,England
405011112,England,561,Scotland,59,502,881,63.7,Unique largest,England
405011113,England,175,New Zealand,28,147,350,50.0,Unique largest,England
405011114,England,292,Germany,73,219,623,46.9,Unique largest,England
405011115,England,204,New Zealand,48,156,445,45.8,Unique largest,England
405021116,England,120,India,46,74,306,39.2,Unique largest,England
405021117,England,286,New Zealand,38,248,510,56.1,Unique largest,England
405021118,England,211,New Zealand,26,185,351,60.1,Unique largest,England
405021119,England,378,Philippines,147,231,869,43.5,Unique largest,England
405031120,England,125,New Zealand,32,93,267,46.8,Unique largest,England
405031121,England,182,New Zealand,47,135,395,46.1,Unique largest,England
405031122,England,284,Philippines,89,195,966,29.4,Unique largest,England
405031123,England,92,New Zealand,29,63,245,37.6,Unique largest,England
405041124,England,177,India,27,150,364,48.6,Unique largest,England
405041125,England,356,Scotland,36,320,612,58.2,Unique largest,England
405041126,England,188,New Zealand,31,157,381,49.3,Unique largest,England
405041127,England,317,Scotland,44,273,556,57.0,Unique largest,England
405041128,England,248,Germany,22,226,379,65.4,Unique largest,England
406011129,England,49,India,48,1,189,25.9,Unique largest,England
406011130,England,178,New Zealand,35,143,380,46.8,Unique largest,England
406011131,England,74,New Zealand,28,46,212,34.9,Unique largest,England
406011132,England,31,New Zealand,13,18,101,30.7,Unique largest,England
406011133,England,393,New Zealand,128,265,1277,30.8,Unique largest,England
406011134,England,71,New Zealand,45,26,185,38.4,Unique largest,England
406011135,New Zealand,8,Afghanistan,0,8,8,100.0,Unique largest,New Zealand
406011136,England,1361,Scotland,461,900,3472,39.2,Unique largest,England
406011137,,0,,0,,0,,No named-country count,No data
406021138,New Zealand,12,Papua New Guinea,12,0,54,22.2,Tie for largest,Tie
406021139,Sri Lanka,68,England,45,23,333,20.4,Unique largest,Other
406021140,England,60,New Zealand,11,49,119,50.4,Unique largest,England
406021141,England,53,New Zealand,24,29,152,34.9,Unique largest,England
406021142,England,249,India,186,63,930,26.8,Unique largest,England
406021143,Philippines,113,New Zealand,107,6,481,23.5,Unique largest,Philippines
407011144,England,1432,New Zealand,133,1299,2318,61.8,Unique largest,England
407011145,England,272,New Zealand,95,177,667,40.8,Unique largest,England
407011146,England,496,Scotland,59,437,901,55.0,Unique largest,England
407011147,England,626,New Zealand,70,556,1044,60.0,Unique largest,England
407011148,England,1707,Scotland,165,1542,2903,58.8,Unique largest,England
407011149,England,628,New Zealand,70,558,1044,60.2,Unique largest,England
407021150,England,127,New Zealand,76,51,403,31.5,Unique largest,England
407021151,England,113,New Zealand,48,65,282,40.1,Unique largest,England
407021152,England,201,Netherlands,41,160,500,40.2,Unique largest,England
407021154,Afghanistan,149,Philippines,138,11,1079,13.8,Unique largest,Other
407021155,England,38,New Zealand,36,2,126,30.2,Unique largest,England
407021156,England,62,New Zealand,47,15,236,26.3,Unique largest,England
407021157,Philippines,111,Malaysia,103,8,796,13.9,Unique largest,Philippines
407021158,England,83,New Zealand,35,48,235,35.3,Unique largest,England
407021173,England,352,New Zealand,140,212,1451,24.3,Unique largest,England
407021174,England,369,Myanmar,130,239,1453,25.4,Unique largest,England
407031159,England,178,India,109,69,668,26.6,Unique largest,England
407031160,England,118,India,92,26,482,24.5,Unique largest,England
407031161,South Africa,66,England,57,9,292,22.6,Unique largest,Other
407031162,England,110,Greece,29,81,344,32.0,Unique largest,England
407031163,England,43,New Zealand,16,27,135,31.9,Unique largest,England
407031164,England,357,New Zealand,66,291,668,53.4,Unique largest,England
407031165,England,469,Philippines,451,18,2228,21.1,Unique largest,England
407031166,England,146,Scotland,19,127,304,48.0,Unique largest,England
407031167,India,209,England,116,93,767,27.2,Unique largest,India
407031168,England,89,India,62,27,441,20.2,Unique largest,England
407031169,England,160,New Zealand,47,113,421,38.0,Unique largest,England
407031170,England,240,India,90,150,667,36.0,Unique largest,England
497979799,,0,,0,,0,,No named-country count,No data
499999499,England,154,New Zealand,53,101,461,33.4,Unique largest,England
501011001,England,537,New Zealand,186,351,1191,45.1,Unique largest,England
501011003,England,939,New Zealand,281,658,2229,42.1,Unique largest,England
501011004,England,751,New Zealand,289,462,2152,34.9,Unique largest,England
501011293,England,753,New Zealand,229,524,1762,42.7,Unique largest,England
501011294,England,1486,New Zealand,446,1040,3288,45.2,Unique largest,England
501021005,England,1102,New Zealand,727,375,3428,32.1,Unique largest,England
501021007,England,339,New Zealand,136,203,726,46.7,Unique largest,England
501021008,England,315,New Zealand,199,116,1166,27.0,Unique largest,England
501021009,England,365,New Zealand,203,162,970,37.6,Unique largest,England
501021010,England,223,New Zealand,53,170,444,50.2,Unique largest,England
501021011,,0,,0,,0,,No named-country count,No data
501021012,England,599,New Zealand,380,219,2045,29.3,Unique largest,England
501021014,England,487,Philippines,404,83,1683,28.9,Unique largest,England
501021015,England,326,New Zealand,185,141,1329,24.5,Unique largest,England
501021016,England,304,New Zealand,114,190,718,42.3,Unique largest,England
501021251,England,584,South Africa,522,62,2411,24.2,Unique largest,England
501021252,England,189,South Africa,90,99,520,36.3,Unique largest,England
501021253,England,814,New Zealand,311,503,2499,32.6,Unique largest,England
501021254,England,238,New Zealand,152,86,829,28.7,Unique largest,England
501031017,England,656,New Zealand,198,458,1260,52.1,Unique largest,England
501031018,England,452,New Zealand,143,309,1068,42.3,Unique largest,England
501031019,England,221,New Zealand,79,142,670,33.0,Unique largest,England
501031020,England,384,New Zealand,131,253,902,42.6,Unique largest,England
502011021,England,1114,New Zealand,278,836,2094,53.2,Unique largest,England
502011022,England,1055,New Zealand,339,716,2241,47.1,Unique largest,England
502011023,England,885,New Zealand,360,525,2080,42.5,Unique largest,England
502011024,England,2673,New Zealand,692,1981,5429,49.2,Unique largest,England
502011025,England,971,New Zealand,360,611,2536,38.3,Unique largest,England
502011026,England,577,New Zealand,206,371,1149,50.2,Unique largest,England
502011027,England,2390,New Zealand,890,1500,6124,39.0,Unique largest,England
502011028,England,1128,New Zealand,404,724,2778,40.6,Unique largest,England
502011029,England,797,New Zealand,270,527,1673,47.6,Unique largest,England
503011030,England,528,South Africa,182,346,1811,29.2,Unique largest,England
503011031,England,796,China,255,541,2675,29.8,Unique largest,England
503011032,England,639,South Africa,129,510,1699,37.6,Unique largest,England
503011033,England,591,South Africa,180,411,2161,27.3,Unique largest,England
503011034,England,870,South Africa,215,655,2880,30.2,Unique largest,England
503011035,England,1106,China,851,255,6766,16.3,Unique largest,England
503011036,England,718,South Africa,284,434,2424,29.6,Unique largest,England
503021037,Italy,5,England,3,2,8,62.5,Unique largest,Italy
503021038,England,739,Italy,213,526,2866,25.8,Unique largest,England
503021039,England,1168,New Zealand,326,842,4558,25.6,Unique largest,England
503021040,England,546,Italy,282,264,2584,21.1,Unique largest,England
503021042,England,1400,Malaysia,318,1082,5352,26.2,Unique largest,England
503021043,England,1098,India,672,426,5615,19.6,Unique largest,England
503021295,England,760,China,594,166,5689,13.4,Unique largest,England
503021296,England,641,China,304,337,4115,15.6,Unique largest,England
503021297,China,732,England,649,83,5757,12.7,Unique largest,China
504011044,England,1052,New Zealand,432,620,3897,27.0,Unique largest,England
504011045,England,1413,New Zealand,580,833,7135,19.8,Unique largest,England
504011046,England,760,India,527,233,4299,17.7,Unique largest,England
504011047,India,953,Vietnam,950,3,8631,11.0,Unique largest,India
504011048,Vietnam,372,England,318,54,2830,13.1,Unique largest,Vietnam
504021049,England,332,New Zealand,143,189,838,39.6,Unique largest,England
504021050,England,886,New Zealand,137,749,1788,49.6,Unique largest,England
504021051,England,524,New Zealand,140,384,1199,43.7,Unique largest,England
504021052,,0,,0,,0,,No named-country count,No data
504021053,England,1430,New Zealand,382,1048,2858,50.0,Unique largest,England
504021054,England,835,Philippines,448,387,3075,27.2,Unique largest,England
504031055,,0,,0,,0,,No named-country count,No data
504031056,Vietnam,922,England,858,64,6110,15.1,Unique largest,Vietnam
504031057,India,1586,Philippines,873,713,8151,19.5,Unique largest,India
504031058,England,493,New Zealand,196,297,1086,45.4,Unique largest,England
504031060,England,262,New Zealand,62,200,562,46.6,Unique largest,England
504031061,England,417,New Zealand,212,205,1414,29.5,Unique largest,England
504031062,India,704,England,548,156,4069,17.3,Unique largest,India
504031063,Vietnam,6,Afghanistan,0,6,6,100.0,Unique largest,Vietnam
504031064,,0,,0,,0,,No named-country count,No data
504031065,England,326,New Zealand,201,125,1429,22.8,Unique largest,England
504031066,England,661,New Zealand,466,195,3046,21.7,Unique largest,England
504031067,England,398,New Zealand,264,134,1346,29.6,Unique largest,England
504031068,England,1184,New Zealand,490,694,3519,33.6,Unique largest,England
504031069,,0,,0,,0,,No named-country count,No data
504031298,England,979,India,805,174,4791,20.4,Unique largest,England
504031299,India,1046,Philippines,634,412,3786,27.6,Unique largest,India
504031300,England,1242,New Zealand,907,335,5218,23.8,Unique largest,England
505011070,England,1149,New Zealand,380,769,3080,37.3,Unique largest,England
505011071,England,2694,South Africa,759,1935,6018,44.8,Unique largest,England
505011072,England,1720,South Africa,577,1143,4782,36.0,Unique largest,England
505011073,England,1083,New Zealand,383,700,3583,30.2,Unique largest,England
505011074,England,1777,South Africa,306,1471,3761,47.2,Unique largest,England
505011075,England,1333,South Africa,442,891,3431,38.9,Unique largest,England
505011076,England,2226,South Africa,820,1406,4730,47.1,Unique largest,England
505011077,England,2313,South Africa,483,1830,5686,40.7,Unique largest,England
505011078,England,1500,New Zealand,365,1135,3834,39.1,Unique largest,England
505011079,England,1941,South Africa,383,1558,4036,48.1,Unique largest,England
505011080,England,1461,South Africa,366,1095,3227,45.3,Unique largest,England
505011081,England,935,New Zealand,257,678,2492,37.5,Unique largest,England
505011082,England,910,South Africa,297,613,2531,36.0,Unique largest,England
505011083,England,1509,South Africa,337,1172,3389,44.5,Unique largest,England
505021084,England,697,Italy,606,91,4821,14.5,Unique largest,England
505021085,Vietnam,1089,India,971,118,7814,13.9,Unique largest,Vietnam
505021087,,0,,0,,0,,No named-country count,No data
505021088,England,1163,New Zealand,469,694,5200,22.4,Unique largest,England
505021089,England,1741,South Africa,552,1189,5788,30.1,Unique largest,England
505021090,India,1471,England,567,904,7832,18.8,Unique largest,India
505021091,England,12,New Zealand,11,1,82,14.6,Unique largest,England
505021092,England,1356,New Zealand,590,766,4949,27.4,Unique largest,England
505021093,Italy,599,India,595,4,5158,11.6,Unique largest,Italy
505021094,England,640,South Africa,197,443,1760,36.4,Unique largest,England
505021095,India,650,England,614,36,4326,15.0,Unique largest,India
505021096,England,985,China,491,494,4612,21.4,Unique largest,England
505021097,England,895,India,480,415,5326,16.8,Unique largest,England
505021301,Vietnam,678,England,413,265,4488,15.1,Unique largest,Vietnam
505021302,England,605,South Africa,373,232,4353,13.9,Unique largest,England
505031098,Vietnam,779,Myanmar,493,286,4235,18.4,Unique largest,Vietnam
505031099,England,3643,New Zealand,1198,2445,8557,42.6,Unique largest,England
505031100,England,2612,New Zealand,679,1933,6940,37.6,Unique largest,England
505031101,England,1660,New Zealand,598,1062,5297,31.3,Unique largest,England
505031102,Vietnam,562,Myanmar,411,151,3127,18.0,Unique largest,Vietnam
505031104,Vietnam,792,England,404,388,3507,22.6,Unique largest,Vietnam
505031105,England,4847,South Africa,1334,3513,9378,51.7,Unique largest,England
505031106,,0,,0,,0,,No named-country count,No data
505031107,England,2358,South Africa,516,1842,5278,44.7,Unique largest,England
505031255,England,2415,New Zealand,681,1734,5741,42.1,Unique largest,England
505031256,England,76,Vietnam,21,55,183,41.5,Unique largest,England
505031257,England,505,New Zealand,167,338,1007,50.1,Unique largest,England
505031258,England,1934,New Zealand,579,1355,3889,49.7,Unique largest,England
505031303,England,1303,South Africa,408,895,4244,30.7,Unique largest,England
505031304,India,904,England,779,125,5287,17.1,Unique largest,India
505031305,England,809,South Africa,559,250,4876,16.6,Unique largest,England
505031306,England,1825,New Zealand,569,1256,4835,37.7,Unique largest,England
506011110,England,1584,New Zealand,842,742,6168,25.7,Unique largest,England
506011111,,0,,0,,0,,No named-country count,No data
506011112,England,499,New Zealand,215,284,1720,29.0,Unique largest,England
506011114,England,1081,New Zealand,346,735,2914,37.1,Unique largest,England
506011115,England,1193,New Zealand,226,967,2399,49.7,Unique largest,England
506011116,England,1015,New Zealand,169,846,1910,53.1,Unique largest,England
506011117,England,555,India,495,60,3312,16.8,Unique largest,England
506011307,India,1744,England,608,1136,5484,31.8,Unique largest,India
506011308,India,2259,England,673,1586,7169,31.5,Unique largest,India
506021118,England,696,New Zealand,545,151,5032,13.8,Unique largest,England
506021119,England,921,India,485,436,5381,17.1,Unique largest,England
506021120,,0,,0,,0,,No named-country count,No data
506021121,Vietnam,5,Iran,4,1,13,38.5,Unique largest,Vietnam
506021123,England,810,India,612,198,5688,14.2,Unique largest,England
506021309,Philippines,438,India,373,65,3332,13.1,Unique largest,Philippines
506021310,England,302,India,287,15,2966,10.2,Unique largest,England
506021311,England,461,India,329,132,3857,12.0,Unique largest,England
506031124,Malaysia,966,India,951,15,8344,11.6,Unique largest,Other
506031125,Malaysia,750,England,602,148,4514,16.6,Unique largest,Other
506031126,,0,,0,,0,,No named-country count,No data
506031127,India,2967,Philippines,885,2082,10701,27.7,Unique largest,India
506031128,England,1020,Malaysia,923,97,5625,18.1,Unique largest,England
506031129,India,1052,Malaysia,885,167,6636,15.9,Unique largest,India
506031130,Philippines,9,Afghanistan,0,9,9,100.0,Unique largest,Philippines
506031131,Malaysia,1639,India,1597,42,9418,17.4,Unique largest,Other
506041132,India,1382,Philippines,884,498,8766,15.8,Unique largest,India
506041133,India,2476,Malaysia,1351,1125,11526,21.5,Unique largest,India
506041134,England,1355,Philippines,773,582,7049,19.2,Unique largest,England
506041135,India,1327,England,1189,138,8465,15.7,Unique largest,India
506041136,Philippines,923,India,823,100,5703,16.2,Unique largest,Philippines
506041137,England,1558,India,936,622,9048,17.2,Unique largest,England
506051138,England,1083,India,893,190,5905,18.3,Unique largest,England
506051139,England,854,New Zealand,513,341,2723,31.4,Unique largest,England
506051140,England,1912,New Zealand,424,1488,4101,46.6,Unique largest,England
506051141,England,1122,New Zealand,295,827,2739,41.0,Unique largest,England
506061142,England,1502,New Zealand,799,703,5175,29.0,Unique largest,England
506061143,England,625,New Zealand,188,437,1386,45.1,Unique largest,England
506061144,England,491,New Zealand,109,382,901,54.5,Unique largest,England
506071145,England,832,Malaysia,336,496,4458,18.7,Unique largest,England
506071146,England,573,Malaysia,502,71,3720,15.4,Unique largest,England
506071147,England,1196,New Zealand,368,828,5128,23.3,Unique largest,England
507011148,England,1408,India,781,627,7136,19.7,Unique largest,England
507011150,England,5,Afghanistan,0,5,5,100.0,Unique largest,England
507011151,,0,,0,,0,,No named-country count,No data
507011152,England,736,Italy,221,515,2439,30.2,Unique largest,England
507011153,England,554,New Zealand,203,351,2210,25.1,Unique largest,England
507011154,England,741,Italy,429,312,3115,23.8,Unique largest,England
507011155,,0,,0,,0,,No named-country count,No data
507011158,England,405,Scotland,87,318,1112,36.4,Unique largest,England
507011159,England,728,New Zealand,327,401,3415,21.3,Unique largest,England
507011160,England,650,Italy,430,220,3271,19.9,Unique largest,England
507011161,England,907,India,784,123,6182,14.7,Unique largest,England
507011163,England,485,New Zealand,209,276,1777,27.3,Unique largest,England
507011259,England,597,Philippines,571,26,2940,20.3,Unique largest,England
507011260,England,205,South Africa,100,105,825,24.8,Unique largest,England
507021164,England,677,New Zealand,142,535,1688,40.1,Unique largest,England
507021165,England,1433,New Zealand,363,1070,4349,33.0,Unique largest,England
507021166,England,1294,Italy,409,885,3821,33.9,Unique largest,England
507021167,,0,,0,,0,,No named-country count,No data
507031169,Philippines,1604,India,1249,355,6727,23.8,Unique largest,Philippines
507031170,England,658,New Zealand,369,289,1984,33.2,Unique largest,England
507031172,England,10,New Zealand,8,2,21,47.6,Unique largest,England
507031173,New Zealand,3,Afghanistan,0,3,3,100.0,Unique largest,New Zealand
507031174,England,861,Philippines,607,254,3162,27.2,Unique largest,England
507031261,England,532,New Zealand,329,203,2490,21.4,Unique largest,England
507041175,England,742,Malaysia,381,361,4161,17.8,Unique largest,England
507041176,Malaysia,232,England,207,25,1524,15.2,Unique largest,Other
507041177,England,1230,New Zealand,312,918,3240,38.0,Unique largest,England
507041178,England,1077,Malaysia,652,425,5377,20.0,Unique largest,England
507041179,Malaysia,675,England,452,223,3379,20.0,Unique largest,Other
507041180,England,832,Malaysia,496,336,3705,22.5,Unique largest,England
507041181,England,1292,New Zealand,296,996,4048,31.9,Unique largest,England
507041182,England,632,Malaysia,477,155,4267,14.8,Unique largest,England
507041183,England,307,New Zealand,135,172,1204,25.5,Unique largest,England
507041184,Malaysia,475,Indonesia,426,49,2619,18.1,Unique largest,Other
507051186,England,904,New Zealand,409,495,2248,40.2,Unique largest,England
507051187,England,1694,New Zealand,710,984,3630,46.7,Unique largest,England
507051188,England,2342,New Zealand,646,1696,5015,46.7,Unique largest,England
507051189,,0,,0,,0,,No named-country count,No data
507051190,England,1642,New Zealand,425,1217,3185,51.6,Unique largest,England
507051191,England,3310,New Zealand,927,2383,6417,51.6,Unique largest,England
507051192,England,1472,New Zealand,582,890,3483,42.3,Unique largest,England
507051193,England,1236,New Zealand,501,735,2732,45.2,Unique largest,England
507051312,England,1007,New Zealand,832,175,3374,29.8,Unique largest,England
507051313,England,2951,New Zealand,1460,1491,7818,37.7,Unique largest,England
507051314,England,216,New Zealand,100,116,503,42.9,Unique largest,England
509011225,England,1118,New Zealand,272,846,2908,38.4,Unique largest,England
509011226,England,263,New Zealand,85,178,609,43.2,Unique largest,England
509011227,England,460,South Africa,96,364,899,51.2,Unique largest,England
509011228,England,652,New Zealand,118,534,1325,49.2,Unique largest,England
509011229,New Zealand,76,England,72,4,313,24.3,Unique largest,New Zealand
509011230,England,140,New Zealand,137,3,820,17.1,Unique largest,England
509011231,England,155,New Zealand,127,28,496,31.2,Unique largest,England
509011232,England,303,New Zealand,69,234,641,47.3,Unique largest,England
509011233,England,625,Philippines,330,295,1837,34.0,Unique largest,England
509011234,England,397,New Zealand,123,274,923,43.0,Unique largest,England
509011235,,0,,0,,0,,No named-country count,No data
509021236,England,700,New Zealand,181,519,1288,54.3,Unique largest,England
509021237,England,136,New Zealand,76,60,416,32.7,Unique largest,England
509021238,England,153,New Zealand,89,64,402,38.1,Unique largest,England
509021239,England,625,New Zealand,246,379,1683,37.1,Unique largest,England
509021240,England,151,New Zealand,91,60,478,31.6,Unique largest,England
509021241,Philippines,143,England,140,3,593,24.1,Unique largest,Philippines
509021242,England,116,New Zealand,107,9,356,32.6,Unique largest,England
509021243,England,575,New Zealand,305,270,1879,30.6,Unique largest,England
509021244,England,474,New Zealand,153,321,918,51.6,Unique largest,England
509021245,England,411,New Zealand,135,276,849,48.4,Unique largest,England
509031246,England,145,New Zealand,98,47,375,38.7,Unique largest,England
509031247,England,127,New Zealand,101,26,403,31.5,Unique largest,England
509031248,England,129,New Zealand,72,57,319,40.4,Unique largest,England
509031249,England,162,Philippines,120,42,671,24.1,Unique largest,England
509031250,England,229,New Zealand,137,92,583,39.3,Unique largest,England
510011262,England,431,New Zealand,280,151,1969,21.9,Unique largest,England
510011263,New Zealand,127,England,73,54,448,28.3,Unique largest,New Zealand
510011264,New Zealand,37,England,29,8,162,22.8,Unique largest,New Zealand
510011265,England,204,New Zealand,104,100,832,24.5,Unique largest,England
510011266,England,40,New Zealand,27,13,141,28.4,Unique largest,England
510021267,New Zealand,294,England,166,128,970,30.3,Unique largest,New Zealand
510021268,New Zealand,320,Philippines,125,195,935,34.2,Unique largest,New Zealand
510021269,New Zealand,209,England,113,96,792,26.4,Unique largest,New Zealand
510021270,New Zealand,592,Philippines,388,204,2146,27.6,Unique largest,New Zealand
510031271,New Zealand,409,England,194,215,1258,32.5,Unique largest,New Zealand
510031272,New Zealand,716,England,434,282,3124,22.9,Unique largest,New Zealand
510031273,New Zealand,176,England,115,61,659,26.7,Unique largest,New Zealand
511011274,England,438,New Zealand,318,120,1479,29.6,Unique largest,England
511011275,England,163,New Zealand,123,40,563,29.0,Unique largest,England
511021276,England,127,Vietnam,118,9,728,17.4,Unique largest,England
511021277,England,232,New Zealand,112,120,759,30.6,Unique largest,England
511031278,New Zealand,507,Philippines,160,347,1190,42.6,Unique largest,New Zealand
511031279,New Zealand,975,Philippines,456,519,3276,29.8,Unique largest,New Zealand
511031280,New Zealand,557,England,241,316,1894,29.4,Unique largest,New Zealand
511031281,,0,,0,,0,,No named-country count,No data
511031282,New Zealand,318,England,111,207,690,46.1,Unique largest,New Zealand
511031283,New Zealand,226,England,98,128,568,39.8,Unique largest,New Zealand
511031284,,0,,0,,0,,No named-country count,No data
511041285,England,465,New Zealand,219,246,1727,26.9,Unique largest,England
511041286,England,255,New Zealand,107,148,728,35.0,Unique largest,England
511041287,England,350,New Zealand,171,179,1042,33.6,Unique largest,England
511041288,England,388,South Africa,200,188,1604,24.2,Unique largest,England
511041289,England,177,New Zealand,97,80,415,42.7,Unique largest,England
511041290,England,98,New Zealand,90,8,409,24.0,Unique largest,England
511041291,England,124,New Zealand,90,34,363,34.2,Unique largest,England
511041292,England,289,New Zealand,111,178,642,45.0,Unique largest,England
597979799,New Zealand,27,Philippines,21,6,122,22.1,Unique largest,New Zealand
599999499,England,366,New Zealand,257,109,1251,29.3,Unique largest,England
601011001,England,77,Philippines,41,36,351,21.9,Unique largest,England
601011002,England,84,New Zealand,36,48,262,32.1,Unique largest,England
601011003,England,140,New Zealand,43,97,509,27.5,Unique largest,England
601021004,England,237,China,180,57,1195,19.8,Unique largest,England
601021005,England,349,New Zealand,97,252,864,40.4,Unique largest,England
601021006,England,104,New Zealand,37,67,420,24.8,Unique largest,England
601021007,England,399,China,171,228,1600,24.9,Unique largest,England
601021008,England,318,China,170,148,1336,23.8,Unique largest,England
601021009,Nepal,141,India,117,24,790,17.8,Unique largest,Other
601021010,England,73,New Zealand,19,54,217,33.6,Unique largest,England
601021011,England,131,India,123,8,852,15.4,Unique largest,England
601021012,England,194,New Zealand,39,155,410,47.3,Unique largest,England
601031013,India,92,England,88,4,407,22.6,Unique largest,India
601031014,England,129,Nepal,91,38,646,20.0,Unique largest,England
601031015,India,183,England,180,3,1073,17.1,Unique largest,India
601031016,India,224,Nepal,186,38,985,22.7,Unique largest,India
601031017,Nepal,921,India,518,403,2968,31.0,Unique largest,Other
601031018,India,176,Nepal,174,2,911,19.3,Unique largest,India
601031019,Nepal,347,India,238,109,1382,25.1,Unique largest,Other
601031020,England,185,New Zealand,67,118,467,39.6,Unique largest,England
601031021,Nepal,281,India,233,48,1194,23.5,Unique largest,Other
601041022,China,803,England,572,231,3146,25.5,Unique largest,China
601041023,England,630,China,201,429,2185,28.8,Unique largest,England
601041024,England,449,New Zealand,96,353,1059,42.4,Unique largest,England
601041025,,0,,0,,0,,No named-country count,No data
601041026,England,256,China,82,174,755,33.9,Unique largest,England
601051027,China,584,England,358,226,2757,21.2,Unique largest,China
601051028,England,285,India,218,67,1755,16.2,Unique largest,England
601051029,China,419,England,173,246,1359,30.8,Unique largest,China
601051030,India,275,Nepal,237,38,1635,16.8,Unique largest,India
601051031,China,1263,England,547,716,4092,30.9,Unique largest,China
601051032,England,336,China,170,166,1420,23.7,Unique largest,England
601051033,England,296,China,145,151,1319,22.4,Unique largest,England
601061034,England,290,New Zealand,96,194,684,42.4,Unique largest,England
601061035,England,365,New Zealand,94,271,1048,34.8,Unique largest,England
602011036,England,82,Nepal,77,5,621,13.2,Unique largest,England
602011037,England,121,India,86,35,673,18.0,Unique largest,England
602011038,England,196,India,134,62,1125,17.4,Unique largest,England
602011039,England,250,New Zealand,46,204,609,41.1,Unique largest,England
602011040,Nepal,253,India,150,103,1050,24.1,Unique largest,Other
602011041,Nepal,387,India,226,161,1557,24.9,Unique largest,Other
602011042,England,212,India,63,149,787,26.9,Unique largest,England
602011043,England,132,India,64,68,445,29.7,Unique largest,England
602011044,England,212,India,47,165,711,29.8,Unique largest,England
602011045,England,67,Nepal,20,47,224,29.9,Unique largest,England
602011046,England,286,India,121,165,1141,25.1,Unique largest,England
602011047,England,143,Nepal,116,27,834,17.1,Unique largest,England
602011048,England,86,India,53,33,434,19.8,Unique largest,England
602011049,England,207,New Zealand,48,159,702,29.5,Unique largest,England
602011050,England,64,New Zealand,28,36,245,26.1,Unique largest,England
602011051,England,157,New Zealand,41,116,591,26.6,Unique largest,England
602011052,England,126,India,41,85,466,27.0,Unique largest,England
602021053,England,219,New Zealand,68,151,416,52.6,Unique largest,England
602021054,England,291,New Zealand,98,193,779,37.4,Unique largest,England
602021055,England,444,New Zealand,78,366,900,49.3,Unique largest,England
602021056,England,101,New Zealand,22,79,223,45.3,Unique largest,England
602021057,England,216,New Zealand,64,152,448,48.2,Unique largest,England
602031058,England,166,New Zealand,37,129,416,39.9,Unique largest,England
602031059,England,302,New Zealand,100,202,741,40.8,Unique largest,England
602031060,England,162,New Zealand,50,112,380,42.6,Unique largest,England
602031061,England,131,New Zealand,46,85,279,47.0,Unique largest,England
602031062,England,192,New Zealand,56,136,452,42.5,Unique largest,England
602031064,England,333,New Zealand,104,229,808,41.2,Unique largest,England
602031099,England,26,New Zealand,13,13,71,36.6,Unique largest,England
602031100,England,190,New Zealand,92,98,560,33.9,Unique largest,England
603011065,England,81,New Zealand,28,53,198,40.9,Unique largest,England
603011066,England,145,New Zealand,33,112,269,53.9,Unique largest,England
603011067,England,176,New Zealand,46,130,377,46.7,Unique largest,England
603011068,,0,,0,,0,,No named-country count,No data
603021069,England,259,New Zealand,53,206,571,45.4,Unique largest,England
603021070,England,368,New Zealand,84,284,760,48.4,Unique largest,England
603021071,England,231,New Zealand,83,148,544,42.5,Unique largest,England
603021072,England,493,New Zealand,113,380,1172,42.1,Unique largest,England
603031073,England,121,New Zealand,43,78,310,39.0,Unique largest,England
603031074,England,206,Nepal,107,99,676,30.5,Unique largest,England
604011075,England,69,New Zealand,36,33,250,27.6,Unique largest,England
604011076,England,175,New Zealand,69,106,419,41.8,Unique largest,England
604011077,England,105,India,64,41,423,24.8,Unique largest,England
604011078,England,157,India,70,87,695,22.6,Unique largest,England
604011079,England,212,New Zealand,61,151,486,43.6,Unique largest,England
604011080,England,71,New Zealand,27,44,255,27.8,Unique largest,England
604011081,England,133,New Zealand,26,107,275,48.4,Unique largest,England
604011082,England,237,Netherlands,69,168,549,43.2,Unique largest,England
604011083,England,130,Netherlands,42,88,357,36.4,Unique largest,England
604011084,England,264,New Zealand,85,179,607,43.5,Unique largest,England
604021085,England,424,India,148,276,1518,27.9,Unique largest,England
604021086,England,157,New Zealand,46,111,505,31.1,Unique largest,England
604021087,England,155,New Zealand,43,112,431,36.0,Unique largest,England
604021088,England,95,India,33,62,353,26.9,Unique largest,England
604021089,England,301,New Zealand,89,212,645,46.7,Unique largest,England
604021090,England,101,New Zealand,36,65,258,39.1,Unique largest,England
604021091,England,300,New Zealand,73,227,737,40.7,Unique largest,England
604021092,England,119,New Zealand,41,78,334,35.6,Unique largest,England
604031093,England,28,New Zealand,28,0,169,16.6,Tie for largest,Tie
604031094,New Zealand,129,England,113,16,453,28.5,Unique largest,New Zealand
604031095,New Zealand,76,Pakistan,64,12,340,22.4,Unique largest,New Zealand
604031096,England,167,New Zealand,73,94,395,42.3,Unique largest,England
604031097,England,111,New Zealand,68,43,410,27.1,Unique largest,England
604031098,,0,,0,,0,,No named-country count,No data
697979799,,0,,0,,0,,No named-country count,No data
699999499,England,41,New Zealand,25,16,123,33.3,Unique largest,England
701011001,India,5,Iran,4,1,9,55.6,Unique largest,India
701011002,Nepal,504,China,269,235,3036,16.6,Unique largest,Other
701011003,,0,,0,,0,,No named-country count,No data
701011004,England,119,New Zealand,76,43,915,13.0,Unique largest,England
701011005,Nepal,336,Philippines,134,202,1313,25.6,Unique largest,Other
701011006,Philippines,103,England,69,34,498,20.7,Unique largest,Philippines
701011007,England,114,Philippines,80,34,812,14.0,Unique largest,England
701011008,Philippines,202,Nepal,189,13,1436,14.1,Unique largest,Philippines
701011009,India,104,England,92,12,748,13.9,Unique largest,India
701021010,Philippines,93,India,73,20,656,14.2,Unique largest,Philippines
701021011,Philippines,100,England,53,47,505,19.8,Unique largest,Philippines
701021012,Philippines,200,India,46,154,469,42.6,Unique largest,Philippines
701021013,China,214,India,206,8,1463,14.6,Unique largest,China
701021014,,0,,0,,0,,No named-country count,No data
701021015,,0,,0,,0,,No named-country count,No data
701021016,Nepal,226,India,187,39,1127,20.1,Unique largest,Other
701021017,Canada,4,Afghanistan,0,4,4,100.0,Unique largest,Other
701021018,England,58,Philippines,49,9,366,15.8,Unique largest,England
701021019,Philippines,320,Indonesia,98,222,1150,27.8,Unique largest,Philippines
701021020,Philippines,208,India,137,71,1198,17.4,Unique largest,Philippines
701021021,India,461,Philippines,280,181,2075,22.2,Unique largest,India
701021022,Philippines,201,England,100,101,925,21.7,Unique largest,Philippines
701021023,Nepal,153,Philippines,141,12,865,17.7,Unique largest,Other
701021024,Philippines,106,Greece,64,42,558,19.0,Unique largest,Philippines
701021025,India,238,Nepal,154,84,1206,19.7,Unique largest,India
701021026,India,238,Nepal,114,124,975,24.4,Unique largest,India
701021027,India,116,Philippines,99,17,673,17.2,Unique largest,India
701021028,Philippines,150,Greece,94,56,721,20.8,Unique largest,Philippines
701021029,Philippines,63,India,42,21,409,15.4,Unique largest,Philippines
701021030,Philippines,78,England,54,24,485,16.1,Unique largest,Philippines
701031031,England,136,New Zealand,78,58,496,27.4,Unique largest,England
701031032,England,271,New Zealand,153,118,946,28.6,Unique largest,England
701031033,England,3,Afghanistan,0,3,3,100.0,Unique largest,England
701031034,England,111,New Zealand,57,54,466,23.8,Unique largest,England
701031035,England,122,New Zealand,87,35,523,23.3,Unique largest,England
701041036,Philippines,176,England,63,113,607,29.0,Unique largest,Philippines
701041037,Philippines,121,Nepal,71,50,609,19.9,Unique largest,Philippines
701041038,Philippines,151,England,131,20,940,16.1,Unique largest,Philippines
701041039,Philippines,137,England,61,76,573,23.9,Unique largest,Philippines
701041040,Philippines,90,England,58,32,352,25.6,Unique largest,Philippines
701041041,Philippines,155,England,123,32,826,18.8,Unique largest,Philippines
701041042,Philippines,560,India,251,309,1682,33.3,Unique largest,Philippines
701041043,Philippines,195,England,142,53,1202,16.2,Unique largest,Philippines
701041044,Philippines,130,England,61,69,467,27.8,Unique largest,Philippines
702011045,New Zealand,122,India,93,29,758,16.1,Unique largest,New Zealand
702011046,New Zealand,165,England,145,20,1123,14.7,Unique largest,New Zealand
702011047,India,258,New Zealand,168,90,1111,23.2,Unique largest,India
702011048,India,227,New Zealand,207,20,1152,19.7,Unique largest,India
702011049,United States,316,India,250,66,1450,21.8,Unique largest,Other
702011050,Philippines,33,New Zealand,28,5,220,15.0,Unique largest,Philippines
702011051,England,81,New Zealand,51,30,394,20.6,Unique largest,England
702011052,England,26,New Zealand,20,6,74,35.1,Unique largest,England
702011053,New Zealand,18,Fiji,10,8,81,22.2,Unique largest,New Zealand
702011054,Thailand,8,New Zealand,6,2,35,22.9,Unique largest,Other
702021055,New Zealand,18,England,17,1,72,25.0,Unique largest,New Zealand
702021056,Philippines,64,India,54,10,387,16.5,Unique largest,Philippines
702031057,New Zealand,118,England,113,5,562,21.0,Unique largest,New Zealand
702031058,New Zealand,17,England,14,3,73,23.3,Unique largest,New Zealand
702031059,Ireland,7,China,6,1,23,30.4,Unique largest,Other
702031060,England,9,Fiji,9,0,48,18.8,Tie for largest,Tie
702031061,New Zealand,21,China,15,6,80,26.2,Unique largest,New Zealand
702041062,New Zealand,39,England,17,22,122,32.0,Unique largest,New Zealand
702041063,England,21,New Zealand,17,4,109,19.3,Unique largest,England
702041064,New Zealand,115,England,64,51,442,26.0,Unique largest,New Zealand
702051065,New Zealand,19,England,12,7,79,24.1,Unique largest,New Zealand
702051066,New Zealand,23,England,12,11,96,24.0,Unique largest,New Zealand
702051067,Philippines,243,Nepal,155,88,1265,19.2,Unique largest,Philippines
702051068,New Zealand,23,England,21,2,66,34.8,Unique largest,New Zealand
797979799,England,8,New Zealand,7,1,28,28.6,Unique largest,England
799999499,England,126,New Zealand,77,49,389,32.4,Unique largest,England
801011001,England,116,China,81,35,560,20.7,Unique largest,England
801011002,China,946,India,525,421,3830,24.7,Unique largest,China
801011003,China,470,India,365,105,2571,18.3,Unique largest,China
801011004,Philippines,66,England,64,2,535,12.3,Unique largest,Philippines
801011005,England,132,United States,44,88,608,21.7,Unique largest,England
801011006,England,163,India,160,3,1307,12.5,Unique largest,England
801011007,England,123,India,84,39,941,13.1,Unique largest,England
801011008,India,156,Vietnam,156,0,1330,11.7,Tie for largest,Tie
801011009,England,105,India,53,52,613,17.1,Unique largest,England
801011010,England,86,Scotland,21,65,291,29.6,Unique largest,England
801011011,England,80,China,63,17,636,12.6,Unique largest,England
801011012,,0,,0,,0,,No named-country count,No data
801011013,England,110,India,74,36,652,16.9,Unique largest,England
801011014,England,106,India,50,56,621,17.1,Unique largest,England
801011015,India,183,England,169,14,1195,15.3,Unique largest,India
801011016,China,294,England,211,83,1931,15.2,Unique largest,China
801011017,England,94,India,68,26,625,15.0,Unique largest,England
801011018,China,379,India,219,160,1239,30.6,Unique largest,China
801011019,India,306,England,194,112,1609,19.0,Unique largest,India
801011020,England,110,India,80,30,770,14.3,Unique largest,England
801011021,China,71,England,65,6,679,10.5,Unique largest,China
801011022,England,103,China,56,47,618,16.7,Unique largest,England
801011023,England,114,India,101,13,820,13.9,Unique largest,England
801011024,India,73,England,52,21,637,11.5,Unique largest,India
801011025,England,74,China,24,50,336,22.0,Unique largest,England
801011026,England,114,India,62,52,590,19.3,Unique largest,England
801011111,,0,,0,,0,,No named-country count,No data
801011142,,0,,0,,0,,No named-country count,No data
801011143,India,98,Philippines,30,68,289,33.9,Unique largest,India
801011144,Indonesia,3,Afghanistan,0,3,3,100.0,Unique largest,Other
801031031,New Zealand,10,Fiji,6,4,23,43.5,Unique largest,New Zealand
801031032,,0,,0,,0,,No named-country count,No data
801031113,England,32,Philippines,23,9,169,18.9,Unique largest,England
801031114,Nepal,4,India,3,1,10,40.0,Unique largest,Other
801031115,New Zealand,7,Papua New Guinea,6,1,22,31.8,Unique largest,New Zealand
801041034,India,245,England,144,101,1395,17.6,Unique largest,India
801041035,India,772,Pakistan,215,557,2572,30.0,Unique largest,India
801041036,India,448,China,185,263,1829,24.5,Unique largest,India
801041037,China,352,India,311,41,1622,21.7,Unique largest,China
801041038,India,262,China,166,96,1276,20.5,Unique largest,India
801041039,China,686,India,646,40,3411,20.1,Unique largest,China
801041040,China,743,India,641,102,3756,19.8,Unique largest,China
801041043,England,11,Germany,8,3,32,34.4,Unique largest,England
801041044,India,614,China,598,16,3193,19.2,Unique largest,India
801041045,,0,,0,,0,,No named-country count,No data
801041046,India,484,England,213,271,2694,18.0,Unique largest,India
801041047,China,252,England,238,14,1750,14.4,Unique largest,China
801041048,China,214,India,203,11,1548,13.8,Unique largest,China
801041116,,0,,0,,0,,No named-country count,No data
801041117,,0,,0,,0,,No named-country count,No data
801041118,India,102,China,21,81,287,35.5,Unique largest,India
801041119,,0,,0,,0,,No named-country count,No data
801041120,India,758,China,142,616,2018,37.6,Unique largest,India
801041121,India,533,Pakistan,92,441,1050,50.8,Unique largest,India
801041122,India,317,China,187,130,1094,29.0,Unique largest,India
801051049,China,149,England,113,36,695,21.4,Unique largest,China
801051050,England,234,United States,89,145,1010,23.2,Unique largest,England
801051051,China,435,England,226,209,1916,22.7,Unique largest,China
801051053,China,781,India,167,614,1977,39.5,Unique largest,China
801051054,China,191,England,87,104,843,22.7,Unique largest,China
801051055,England,130,China,114,16,973,13.4,Unique largest,England
801051056,England,133,New Zealand,42,91,558,23.8,Unique largest,England
801051057,England,203,China,193,10,1574,12.9,Unique largest,England
801051058,England,235,India,113,122,1241,18.9,Unique largest,England
801051060,China,224,India,143,81,1246,18.0,Unique largest,China
801051061,England,191,India,132,59,1414,13.5,Unique largest,England
801051123,,0,,0,,0,,No named-country count,No data
801051124,England,178,China,75,103,870,20.5,Unique largest,England
801051125,England,77,New Zealand,36,41,285,27.0,Unique largest,England
801051126,,0,,0,,0,,No named-country count,No data
801051127,England,67,India,41,26,400,16.8,Unique largest,England
801051128,,0,,0,,0,,No named-country count,No data
801061062,England,159,India,73,86,734,21.7,Unique largest,England
801061063,England,55,India,38,17,390,14.1,Unique largest,England
801061064,England,224,India,101,123,1230,18.2,Unique largest,England
801061066,,0,,0,,0,,No named-country count,No data
801061067,England,217,India,167,50,1551,14.0,Unique largest,England
801061068,,0,,0,,0,,No named-country count,No data
801061069,England,112,India,83,29,793,14.1,Unique largest,England
801061070,England,159,India,68,91,749,21.2,Unique largest,England
801061129,England,81,United States,36,45,411,19.7,Unique largest,England
801061130,China,3,Afghanistan,0,3,3,100.0,Unique largest,China
801061131,England,245,China,98,147,1409,17.4,Unique largest,England
801071071,England,142,India,114,28,761,18.7,Unique largest,England
801071072,India,135,England,116,19,790,17.1,Unique largest,India
801071073,England,176,India,121,55,858,20.5,Unique largest,England
801071074,England,141,India,111,30,814,17.3,Unique largest,England
801071075,England,171,India,89,82,899,19.0,Unique largest,England
801071076,England,125,India,51,74,576,21.7,Unique largest,England
801071077,England,78,India,36,42,418,18.7,Unique largest,England
801071078,England,243,India,218,25,1418,17.1,Unique largest,England
801071079,England,104,India,64,40,540,19.3,Unique largest,England
801071080,India,279,England,131,148,1158,24.1,Unique largest,India
801071081,India,184,England,117,67,848,21.7,Unique largest,India
801071082,England,569,India,314,255,2706,21.0,Unique largest,England
801071083,England,63,India,24,39,217,29.0,Unique largest,England
801071084,England,169,India,161,8,1228,13.8,Unique largest,England
801071085,,0,,0,,0,,No named-country count,No data
801071086,England,48,India,26,22,244,19.7,Unique largest,England
801071087,England,84,India,71,13,553,15.2,Unique largest,England
801071088,England,103,India,61,42,547,18.8,Unique largest,England
801071089,England,3,Afghanistan,0,3,3,100.0,Unique largest,England
801071090,India,249,England,242,7,1488,16.7,Unique largest,India
801071132,England,4,Afghanistan,0,4,4,100.0,Unique largest,England
801081091,England,136,South Africa,35,101,531,25.6,Unique largest,England
801081092,England,142,India,51,91,572,24.8,Unique largest,England
801081093,England,108,India,83,25,599,18.0,Unique largest,England
801081094,England,109,India,64,45,561,19.4,Unique largest,England
801081095,England,124,India,69,55,615,20.2,Unique largest,England
801081096,England,77,India,54,23,461,16.7,Unique largest,England
801081097,England,94,India,47,47,518,18.1,Unique largest,England
801081098,England,119,India,83,36,861,13.8,Unique largest,England
801081133,,0,,0,,0,,No named-country count,No data
801091099,Nepal,109,India,100,9,632,17.2,Unique largest,Other
801091100,England,210,India,101,109,1138,18.5,Unique largest,England
801091101,England,162,India,90,72,843,19.2,Unique largest,England
801091102,India,252,England,143,109,1120,22.5,Unique largest,India
801091103,England,121,India,82,39,649,18.6,Unique largest,England
801091104,India,119,England,82,37,718,16.6,Unique largest,India
801091105,Nepal,188,England,111,77,926,20.3,Unique largest,Other
801091106,India,162,Nepal,146,16,948,17.1,Unique largest,India
801091107,China,41,India,41,0,366,11.2,Tie for largest,Tie
801091108,England,102,India,71,31,551,18.5,Unique largest,England
801091109,India,415,Nepal,326,89,2019,20.6,Unique largest,India
801091110,India,93,England,79,14,513,18.1,Unique largest,India
801101134,,0,,0,,0,,No named-country count,No data
801101135,India,436,Nepal,224,212,1769,24.6,Unique largest,India
801101136,India,353,China,165,188,1065,33.1,Unique largest,India
801101137,,0,,0,,0,,No named-country count,No data
801101139,India,370,Nepal,108,262,1267,29.2,Unique largest,India
801101145,,0,,0,,0,,No named-country count,No data
801101146,India,4,Afghanistan,0,4,4,100.0,Unique largest,India
801111140,England,15,Hong Kong SAR,5,10,38,39.5,Unique largest,England
801111141,,0,,0,,0,,No named-country count,No data
897979799,,0,,0,,0,,No named-country count,No data
899999499,New Zealand,24,China,12,12,92,26.1,Unique largest,New Zealand
